"house_name","house_url","house_price","house_rooms","house_living_area","house_tot_area","house_address","house_construction_year","house_heating","house_energy_sources","house_energy_class"
"Schnuckelige Doppelhaushälfte mit Renovierungsbedarf...","https://www.immonet.de/angebot/43479823","199.000 €","4","100 m²","90 m²","74078 Heilbronn
Auf Karte anzeigen","1890","Zentralheizung","Öl",""
"Heilbronner Doppelhaushälfte im Dornröschenschlaf such...","https://www.immonet.de/angebot/44629104","229.500 €","3","64 m²","169 m²","Bauleuteweg 8
74076 Heilbronn
Auf Karte anzeigen","1947","","Öl",""
"Wohnschatz mit viel Platz! - FALC Immobilien Heilbronn","https://www.immonet.de/angebot/44602603","480.000 €","9","168 m²","177 m²","74080 Heilbronn
Auf Karte anzeigen","1906","Zentralheizung","Gas","Klasse F"
"Neuwertiges Einfamilienhaus mit Einliegerwohnung","https://www.immonet.de/angebot/44661623","570.000 €","5","140 m²","124 m²","74078 Heilbronn
Auf Karte anzeigen","1896","Zentralheizung","","Klasse F"
"Heilbronn Mittelhaus ruhige Lage und sofort frei!","https://www.immonet.de/angebot/44527734","578.000 €","5","142 m²","138 m²","74081 Heilbronn
Auf Karte anzeigen","2000","Zentralheizung","Gas","Klasse A"
"Ihre Wohlfühl-Doppelhaushälfte mit kleinem pflegeleich...","https://www.immonet.de/angebot/44399316","649.000 €","6","142 m²","146 m²","74078 Heilbronn
Auf Karte anzeigen","2002","Zentralheizung","Gas","Klasse C"
"##DHH MIT KELLER- ENERGIE SPAREN- ÖKOLOGISCH BAUEN,...","https://www.immonet.de/angebot/44355173","695.000 €","6","133 m²","230 m²","74078 Heilbronn
Auf Karte anzeigen","2022","","",""
"Eigenleistung + Miete = Mietkauf | Ohne Eigenkapital","https://www.immonet.de/angebot/44492938","695.000 €","5","175 m²","300 m²","74078 Heilbronn
Auf Karte anzeigen","","","",""
"Wohn- und Geschäftshaus in der Heilbronn-Innenstadt zu...","https://www.immonet.de/angebot/42838672","749.000 €","5","98 m²","94 m²","Siebeneichgasse 5
74072 Heilbronn
Auf Karte anzeigen","1959","Zentralheizung","Gas","Klasse E"
"NEU Hier wird Wohnen zum Vergnügen","https://www.immonet.de/angebot/44753166","770.000 €","7","200 m²","1,300 m²","74078 Heilbronn
Auf Karte anzeigen","1971","Zentralheizung","","Klasse H"
"Einfamilienhaus in ruhiger zentraler Lage mit großem...","https://www.immonet.de/angebot/44622209","780.999 €","5.5","180 m²","600 m²","74078 Heilbronn
Auf Karte anzeigen","","","",""
"Traumhaftes Haus mit Lagerhalle","https://www.immonet.de/angebot/44365638","835.000 €","5","275 m²","1,059 m²","74078 Heilbronn
Auf Karte anzeigen","1963","Zentralheizung","Gas","Klasse D"
"Kapitalanlage in Bestlage!","https://www.immonet.de/angebot/44523079","849.000 €","12","294 m²","423 m²","74080 Heilbronn
Auf Karte anzeigen","1912","Zentralheizung","","Klasse H"
"##EFH MIT KELLER- ENERGIE SPAREN- ÖKOLOGISCH BAUEN,...","https://www.immonet.de/angebot/44355172","875.000 €","6","155 m²","335 m²","74078 Heilbronn
Auf Karte anzeigen","2022","","",""
"NEU Schaffen Sie sich ein neues Zuhause - FALC Immobilien...","https://www.immonet.de/angebot/44711949","980.000 €","10","308 m²","500 m²","74078 Heilbronn
Auf Karte anzeigen","1935","Zentralheizung","Gas",""
"Wohnperle mit Schwimmhalle","https://www.immonet.de/angebot/44299819","995.000 €","6","321 m²","1,074 m²","74080 Heilbronn
Auf Karte anzeigen","1969","Zentralheizung","Gas","Klasse H"
"Geräumiges und hochwertiges 6-Zi.-EFH mit großer Terra...","https://www.immonet.de/angebot/43287881","1.050.000 €","6","152 m²","371 m²","74074 Heilbronn
Auf Karte anzeigen","2013","Zentralheizung","Gas",""
"Historisches denkmalgeschütztes Mehrfamilienhaus Villa...","https://www.immonet.de/angebot/44548806","1.250.000 €","15","488 m²","369 m²","Wilhelmstr. 42
74074 Heilbronn
Auf Karte anzeigen","1899","Zentralheizung","Gas",""
"Solides Mehrfamilienhaus mit 8 Einheiten! Top Kapitala...","https://www.immonet.de/angebot/44598959","1.600.000 €","","602 m²","552 m²","74076 Heilbronn
Auf Karte anzeigen","1946","Etagenheizung","Gas","Klasse G"
"Solides Mehrfamilienhaus mit 8 Einheiten! Top Kapitala...","https://www.immonet.de/angebot/44598968","1.600.000 €","25","602 m²","552 m²","74076 Heilbronn
Auf Karte anzeigen","1909","Etagenheizung","Gas","Klasse G"
"Solides Mehrfamilienhaus mit 8 Einheiten! Top Kapitala...","https://www.immonet.de/angebot/44598936","1.600.000 €","25","602 m²","552 m²","74076 Heilbronn
Auf Karte anzeigen","1909","Etagenheizung","Gas","Klasse G"
"++ saniertes Rendite Objekt in Heilbronn Sontheim ++","https://www.immonet.de/angebot/44513461","2.590.000 €","25","626 m²","753 m²","74081 Heilbronn
Auf Karte anzeigen","1980","","Gas",""
"Im Herzen von Heilbronn!","https://www.immonet.de/angebot/44686593","6.800.000 €","","1,366 m²","1,201 m²","74074 Heilbronn
Auf Karte anzeigen","1991","Zentralheizung","Gas","Klasse G"
"MEHRFAMILIEN HAUS BIETET MEHR MÖGLICHKEITEN mit ca....","https://www.immonet.de/angebot/44381500","720.000 €","10","330 m²","368 m²","74348 Lauffen
Auf Karte anzeigen","1927","Zentralheizung","Gas",""
"Viel Platz für bis zu drei Familien! - FALC Immobilien...","https://www.immonet.de/angebot/43246276","699.000 €","8","182 m²","187 m²","74348 Lauffen
Auf Karte anzeigen","1919","Zentralheizung","Gas",""
"Kompaktes Reiheneckhaus in zentraler Innenstadtlage","https://www.immonet.de/angebot/43910280","269.000 €","6","105 m²","55 m²","74348 Lauffen
Auf Karte anzeigen","1873","Ofenheizung","Öl","Klasse F"
"* Lukratives Anlageobjekt *","https://www.immonet.de/angebot/44440722","750.000 €","11","246 m²","420 m²","74348 Lauffen
Auf Karte anzeigen","1960","Zentralheizung","Gas","Klasse D"
"RESERVIERT: Ruhig wohnen am Waldrand in Nordheim-Nordh...","https://www.immonet.de/angebot/44604843","579.000 €","6","155 m²","582 m²","74226 Nordheim
Auf Karte anzeigen","1976","Zentralheizung","Öl","Klasse G"
"Das Anwesen für den Handwerker!","https://www.immonet.de/angebot/44356747","869.000 €","9","228 m²","657 m²","74211 Leingarten
Auf Karte anzeigen","1963","Zentralheizung","Öl","Klasse G"
"Gepflegte Doppelhaushälfte mit großem Garten und ausge...","https://www.immonet.de/angebot/44651375","535.000 €","5","180 m²","375 m²","74360 Ilsfeld
Auf Karte anzeigen","1992","Zentralheizung","Gas",""
"Viel Platz im eigenen Heim","https://www.immonet.de/angebot/44562745","775.000 €","6","220 m²","360 m²","74211 Leingarten
Auf Karte anzeigen","1999","Zentralheizung","Gas","Klasse B"
"VBU Immobilien - Neu und individuell! Einfamilienhaus...","https://www.immonet.de/angebot/44458506","680.000 €","5","120 m²","322 m²","74336 Brackenheim
Auf Karte anzeigen","2020","","Öl","Klasse C"
"NEU Attraktive Doppelhaushälfte mit Balkon und Garage in...","https://www.immonet.de/angebot/44756159","348.000 €","4","104 m²","105 m²","74366 Kirchheim
Auf Karte anzeigen","1968","Zentralheizung","Gas","Klasse D"
"Wohnen im Bachrain - traumhaftes REH in unverbaubarer...","https://www.immonet.de/angebot/43815391","589.500 €","4.5","114 m²","234 m²","74366 Kirchheim
Auf Karte anzeigen","","","",""
"Wohnen im Bachrain - traumhaftes RMH in unverbaubarer...","https://www.immonet.de/angebot/43815392","549.500 €","4.5","114 m²","175 m²","74366 Kirchheim
Auf Karte anzeigen","","","",""
"Wohnen im Bachrain - traumhaftes RMH in unverbaubarer...","https://www.immonet.de/angebot/43815463","589.500 €","4.5","114 m²","287 m²","74366 Kirchheim
Auf Karte anzeigen","","","",""
"Anwesen/Zweifamilienhaus in Bönnigheim-Hohenstein","https://www.immonet.de/angebot/44129397","820.000 €","","359 m²","679 m²","74357 Bönnigheim
Auf Karte anzeigen","1750","Zentralheizung","Gas",""
"""Villa"" mit Pool und Einliegerwohnung","https://www.immonet.de/angebot/43740706","1.100.000 €","7","320 m²","589 m²","74336 Brackenheim
Auf Karte anzeigen","1921","","Gas, Solar","Klasse C"
"Doppelhaushälfte mit viel Platz und Südterrasse","https://www.immonet.de/angebot/44631098","640.000 €","5","167 m²","156 m²","74360 Ilsfeld
Auf Karte anzeigen","2002","Zentralheizung","Gas","Klasse B"
"Schöner Wohnen","https://www.immonet.de/angebot/44651357","395.000 €","4.5","122 m²","250 m²","74193 Schwaigern
Auf Karte anzeigen","1976","Zentralheizung","Öl","Klasse F"
"Neubau Doppelhaushälfte veredelter Rohbau !!!","https://www.immonet.de/angebot/44562356","426.000 €","6","200 m²","240 m²","74336 Brackenheim
Auf Karte anzeigen","","","Fernwärme",""
"Modernes Traumhaus in beliebter und ruhiger Lage in...","https://www.immonet.de/angebot/44669653","1.075.000 €","5","210 m²","445 m²","74357 Bönnigheim
Auf Karte anzeigen","2017","","Fernwärme","Klasse C"
"NEU Modernes Traumhaus in beliebter und ruhiger Lage in...","https://www.immonet.de/angebot/44761469","1.075.000 €","5","210 m²","445 m²","74357 Bönnigheim
Auf Karte anzeigen","2017","","Fernwärme","Klasse C"
"Realisierbare Rendite von über 6%, san.bed. MFH mit...","https://www.immonet.de/angebot/44239853","530.000 €","16","235 m²","551 m²","74357 Bönnigheim
Auf Karte anzeigen","1900","Zentralheizung","Öl","Klasse H"
"NEUBAU! Ruhig gelegenes Einfamilienhaus mit Garten in...","https://www.immonet.de/angebot/42473324","694.600 €","5","151 m²","250 m²","74357 Bönnigheim
Auf Karte anzeigen","2022","","",""
"Freistehendes Einfamilienhaus mit sehr großem Grundstü...","https://www.immonet.de/angebot/44439799","890.000 €","7","159 m²","1,202 m²","74193 Schwaigern
Auf Karte anzeigen","1964","Zentralheizung","Gas","Klasse G"
"Gute Lage - Zwei-Familienhaus mit schönem, großem...","https://www.immonet.de/angebot/43171152","715.000 €","7","176 m²","622 m²","74172 Neckarsulm
Auf Karte anzeigen","1958","Etagenheizung","Gas","Klasse H"
"Ein Fachwerkdiamant - Ihre Leinwand! FALC Immobilien...","https://www.immonet.de/angebot/42551909","349.000 €","5","124 m²","209 m²","74232 Abstatt
Auf Karte anzeigen","1905","Zentralheizung","Gas","Klasse F"
"3, 2, 1 - Deins! - FALC Immobilien Heilbronn","https://www.immonet.de/angebot/42551906","299.000 €","4","89 m²","209 m²","74232 Abstatt
Auf Karte anzeigen","1925","Zentralheizung","Gas","Klasse G"
"NEU Saniertes Bauernhaus mit Scheune im Ortskern von 74235...","https://www.immonet.de/angebot/44723403","350.000 €","6","120 m²","236 m²","74235 Erlenbach
Auf Karte anzeigen","","Ofenheizung","",""
"Tolles Objekt für Kapitalanleger und Eigennutzer gleic...","https://www.immonet.de/angebot/44411846","795.000 €","10","219 m²","366 m²","74172 Neckarsulm
Auf Karte anzeigen","1928","Etagenheizung","Gas","Klasse G"
"NEU Idylle Pur! Attraktives Reiheneckhaus in Erligheim","https://www.immonet.de/angebot/44749868","630.000 €","5.5","165 m²","224 m²","74391 Erligheim
Auf Karte anzeigen","1991","Zentralheizung","Öl","Klasse D"
"Herrlich Wohnen in attraktiver Lage","https://www.immonet.de/angebot/44687250","875.000 €","10","256 m²","693 m²","74257 Untereisesheim
Auf Karte anzeigen","1970","Zentralheizung","Öl","Klasse D"
"Generationenhaus in Winzerhausen!","https://www.immonet.de/angebot/44347128","600.000 €","6","200 m²","330 m²","71723 Großbottwar
Auf Karte anzeigen","2004","Zentralheizung","Öl","Klasse E"
"NEU Eckbungalow mit ELW in NSU-Neuberg","https://www.immonet.de/angebot/44747846","620.000 €","6","162 m²","390 m²","74172 Neckarsulm
Auf Karte anzeigen","1970","Zentralheizung","Öl","Klasse H"
"NEU #willkommendaheim | Wenn alles passt - Traumgarten...","https://www.immonet.de/angebot/44711634","630.000 €","5","113 m²","306 m²","74389 Cleebronn
Auf Karte anzeigen","1996","Zentralheizung","Öl","Klasse D"
"NEU Bezugsfertige Stadtvilla mit Keller und Garage (inkl....","https://www.immonet.de/angebot/44742782","1.170.100 €","6","166 m²","660 m²","74389 Cleebronn
Auf Karte anzeigen","2022","Zentralheizung","","Klasse A+"
"!!Einziehen und wohlfühlen!! Vielseitig nutzbares Mehr...","https://www.immonet.de/angebot/44627150","759.000 €","9","220 m²","516 m²","74257 Untereisesheim
Auf Karte anzeigen","1960","","Gas","Klasse E"
"1 Fam.-Haus mit Garagen- und Werkstattanbau","https://www.immonet.de/angebot/44234629","649.000 €","5","130 m²","356 m²","74369 Löchgau
Auf Karte anzeigen","1937","Zentralheizung","Öl",""
"mitten im historischen Umfeld, Wohnen und Arbeiten...","https://www.immonet.de/angebot/44489437","715.000 €","6","205 m²","91 m²","74354 Besigheim
Auf Karte anzeigen","1555","","",""
"NEU Reiheneckhaus in 74354 Besigheim, Gustav-Siegle-Str.","https://www.immonet.de/angebot/44713582","326.000 €","","170 m²","211 m²","74354 Besigheim
Auf Karte anzeigen","1908","","",""
"NEU Günstiges Reihenendhaus mit Doppelgarage in Besigheim","https://www.immonet.de/angebot/44741711","326.000 €","","170 m²","194 m²","74354 Besigheim
Auf Karte anzeigen","1908","Zentralheizung","Gas",""
"#willkommendaheim | Saniertes Dreifamilienhaus in best...","https://www.immonet.de/angebot/44574138","790.000 €","9","200 m²","181 m²","74354 Besigheim
Auf Karte anzeigen","1924","Zentralheizung","Gas","Klasse E"
"Großzügiges Wohn- u. Geschäftshaus mit Ausbaureserve","https://www.immonet.de/angebot/44002872","1.210.000 €","17","550 m²","366 m²","74369 Löchgau
Auf Karte anzeigen","1862","Zentralheizung","Gas",""
"NEU Endlich Platz! Am Rande der Natur - nahe zur Stadt -...","https://www.immonet.de/angebot/44765348","481.000 €","5.5","140 m²","356 m²","74389 Cleebronn
Auf Karte anzeigen","1988","Zentralheizung","Öl","Klasse D"
"NEU Kein Baustress! Für den gehobenen & modernen Anspruch,...","https://www.immonet.de/angebot/44759416","729.900 €","5.5","141 m²","550 m²","Merkurstraße x
74906 Bad Rappenau
Auf Karte anzeigen","2010","","Strom","Klasse A+"
"Modernes Familienhaus mit herrlichem Ausblick (inkl....","https://www.immonet.de/angebot/44300248","592.000 €","4","153 m²","421 m²","74906 Bad Rappenau
Auf Karte anzeigen","2022","Zentralheizung","",""
"-Reserviert- Miet nicht mehr | Kauf dein Haus","https://www.immonet.de/angebot/44563545","624.500 €","5","150 m²","488 m²","74177 Bad Friedrichshall
Auf Karte anzeigen","","","",""
"Raumwunder: Vielseitiger Bungalow mit ca. 105 m² im EG...","https://www.immonet.de/angebot/44638852","570.000 €","4","105 m²","484 m²","74177 Bad Friedrichshall
Auf Karte anzeigen","1974","Zentralheizung","Gas",""
"VBU Immobilien - Viel Raum für Ihre Wohnideen","https://www.immonet.de/angebot/44549106","310.000 €","4.5","125 m²","227 m²","74193 Schwaigern
Auf Karte anzeigen","1900","","Öl","Klasse H"
"Hier werden TRÄUME wahr!","https://www.immonet.de/angebot/44581306","795.000 €","8","200 m²","250 m²","74172 Neckarsulm
Auf Karte anzeigen","2013","","","Klasse B"
"ZENTRAL IN WIMPFEN","https://www.immonet.de/angebot/44682495","649.000 €","7","180 m²","500 m²","74206 Bad Wimpfen
Auf Karte anzeigen","1989","Zentralheizung","Gas","Klasse C"
"Herrschaftliche Einfamiliendoppelhaushälfte mit großzü...","https://www.immonet.de/angebot/44283093","580.000 €","9","204 m²","450 m²","74206 Bad Wimpfen
Auf Karte anzeigen","1900","Zentralheizung","Öl",""
"-Reserviert- Mietkaufberechtigung prüfen | Bonuszahl...","https://www.immonet.de/angebot/44563538","499.400 €","4","112 m²","236 m²","74177 Bad Friedrichshall
Auf Karte anzeigen","","","",""
"Sie haben ein Grundstück und wollen bauen? In BAD FRIE...","https://www.immonet.de/angebot/43195133","187.000 €","","120 m²","","74177 Bad Friedrichshall
Auf Karte anzeigen","","Zentralheizung","Luft-/Wasserwärme",""
"Sie haben ein Grundstück und wollen bauen? Wir bieten...","https://www.immonet.de/angebot/43195105","353.500 €","","130 m²","","74177 Bad Friedrichshall
Auf Karte anzeigen","","Zentralheizung","Luft-/Wasserwärme",""
"Sie haben ein Grundstück und wollen bauen? In BAD FRIE...","https://www.immonet.de/angebot/43195158","343.000 €","","124 m²","","74177 Bad Friedrichshall
Auf Karte anzeigen","","Zentralheizung","Luft-/Wasserwärme",""
"Sie haben ein Grundstück und wollen bauen? Wir bieten...","https://www.immonet.de/angebot/43195160","283.000 €","","103 m²","","74177 Bad Friedrichshall
Auf Karte anzeigen","","Zentralheizung","Luft-/Wasserwärme",""
"Sie haben ein Grundstück und wollen bauen? Wir bieten...","https://www.immonet.de/angebot/43195129","369.500 €","","119 m²","","74177 Bad Friedrichshall
Auf Karte anzeigen","","Zentralheizung","Luft-/Wasserwärme",""
"Sie haben ein Grundstück und wollen bauen? In BAD FRIE...","https://www.immonet.de/angebot/43195157","402.500 €","","142 m²","","74177 Bad Friedrichshall
Auf Karte anzeigen","","Zentralheizung","Luft-/Wasserwärme",""
"Sie haben ein Grundstück und wollen bauen? In BAD FRIE...","https://www.immonet.de/angebot/43195124","368.000 €","","130 m²","","74177 Bad Friedrichshall
Auf Karte anzeigen","","Zentralheizung","Luft-/Wasserwärme",""
"Sie haben ein Grundstück und wollen bauen? In BAD FRIE...","https://www.immonet.de/angebot/43195156","289.500 €","","101 m²","","74177 Bad Friedrichshall
Auf Karte anzeigen","","Zentralheizung","Luft-/Wasserwärme",""
"Sie haben ein Grundstück und wollen bauen? Wir bieten...","https://www.immonet.de/angebot/43195122","331.500 €","","120 m²","","74177 Bad Friedrichshall
Auf Karte anzeigen","","Zentralheizung","Luft-/Wasserwärme",""
"Sie haben ein Grundstück und wollen bauen? Wir bieten...","https://www.immonet.de/angebot/43195154","407.000 €","","160 m²","","74177 Bad Friedrichshall
Auf Karte anzeigen","","Zentralheizung","Luft-/Wasserwärme",""
"NEU Leben im Weinsberger Tal - FALC Immobilien Heilbronn","https://www.immonet.de/angebot/44742777","559.000 €","6","199 m²","1,084 m²","74182 Obersulm
Auf Karte anzeigen","1964","Zentralheizung","Öl","Klasse G"
"NEU Kapitalanlage in Bestlage!","https://www.immonet.de/angebot/44731647","385.000 €","6","133 m²","496 m²","74182 Obersulm
Auf Karte anzeigen","1964","Zentralheizung","","Klasse H"
"Einfamilienhaus / Bungalow in attraktiver Randlage von...","https://www.immonet.de/angebot/43818228","695.000 €","5","111 m²","881 m²","74182 Obersulm
Auf Karte anzeigen","1970","Zentralheizung","Öl","Klasse E"
"TOPP INVESTMENT Komplett vermietetes Wohn- & Geschäfts...","https://www.immonet.de/angebot/44112896","985.000 €","10","290 m²","671 m²","74363 Güglingen
Auf Karte anzeigen","1989","","Gas","Klasse D"
"Ein Haus und viele Möglichkeiten","https://www.immonet.de/angebot/44140430","580.000 €","9","155 m²","302 m²","74363 Güglingen
Auf Karte anzeigen","1930","","Öl","Klasse D"
"Schönes 2 Familienhaus mit ausgebautem Dachgeschoss ...","https://www.immonet.de/angebot/44578145","650.000 €","8","165 m²","718 m²","74906 Bad Rappenau
Auf Karte anzeigen","1963","Zentralheizung","Öl, Solar","Klasse G"
"DENKMAL-Immobilie: Hier lohnt sich eine steuerbegünsti...","https://www.immonet.de/angebot/41012698","","15","332 m²","370 m²","75031 Eppingen
Auf Karte anzeigen","1502","","",""
"Solides Einfamilienhaus mit großem Grundstück in traum...","https://www.immonet.de/angebot/44598025","499.000 €","7","167 m²","650 m²","74245 Löwenstein
Auf Karte anzeigen","1963","Zentralheizung","Öl","Klasse F"
"Mehrfamilienhaus im besten Zustand in Großbottwar","https://www.immonet.de/angebot/44083016","752.000 €","","234 m²","471 m²","71723 Großbottwar
Auf Karte anzeigen","1962","","",""
"MFH mit 3 WE und viel Potenzial in naturnaher Lage:...","https://www.immonet.de/angebot/43153853","319.000 €","10","236 m²","124 m²","74397 Pfaffenhofen
Auf Karte anzeigen","1906","Zentralheizung","Öl",""
"!!! modernes Zweifamilienhaus mit großem Garten !!!","https://www.immonet.de/angebot/44589790","885.000 €","5","163 m²","818 m²","71711 Steinheim
Auf Karte anzeigen","1985","Zentralheizung","Gas","Klasse D"
"Familienfreundliches & gemütliches Reihenhaus in bege...","https://www.immonet.de/angebot/44665809","595.000 €","5","166 m²","199 m²","74177 Bad Friedrichshall
Auf Karte anzeigen","2002","Zentralheizung","Gas","Klasse A"
"Gestalten Sie Ihre Wohlfühloase: DHH mit Fachwerkcharm...","https://www.immonet.de/angebot/43874435","499.900 €","4.5","125 m²","885 m²","71711 Steinheim
Auf Karte anzeigen","1930","Zentralheizung","Öl","Klasse H"
"Zweifamilienhaus in ruhiger Wohnlage mit viel Potentia...","https://www.immonet.de/angebot/44575145","475.000 €","8","160 m²","366 m²","75050 Gemmingen
Auf Karte anzeigen","1962","Zentralheizung","Öl","Klasse H"
"Vielseitiges großzügiges Zweifamilienhaus","https://www.immonet.de/angebot/44533735","560.000 €","7","144 m²","511 m²","74182 Obersulm
Auf Karte anzeigen","1966","","Öl","Klasse C"
"NEU Erlebnisgastronomie mit Alleinstellungsmerkmal.","https://www.immonet.de/angebot/44734200","","12","285 m²","1,250 m²","74906 Bad Rappenau
Auf Karte anzeigen","1930","Zentralheizung","Fernwärme, Gas","Klasse F"
"*** Achtung Großfamilien/Selbstständige*** Sehr großes...","https://www.immonet.de/angebot/43992767","","7","211 m²","247 m²","74245 Löwenstein
Auf Karte anzeigen","1970","","Holz, Öl","Klasse F"
"Exklusives Einfamilienhaus mit Einliegerwohnung in...","https://www.immonet.de/angebot/43720003","879.000 €","6","247 m²","589 m²","74245 Löwenstein
Auf Karte anzeigen","2017","","Luft-/Wasserwärme","Klasse A+"
"NEU Erfüllen Sie sich jetzt den Traum vom Eigenheim - Dopp...","https://www.immonet.de/angebot/44735489","570.000 €","4","130 m²","590 m²","74912 Kirchardt
Auf Karte anzeigen","","Zentralheizung","",""
"Exklusiver Wohnkomfort mit traumhaftem Ausblick: Reprä...","https://www.immonet.de/angebot/43768040","1.299.000 €","11","301 m²","1,079 m²","74182 Obersulm
Auf Karte anzeigen","1998","Zentralheizung","Öl",""
"Eigenleistung + Miete = Mietkauf | Ohne Eigenkapital","https://www.immonet.de/angebot/44563518","469.600 €","5","140 m²","588 m²","74912 Kirchardt
Auf Karte anzeigen","","","",""
"NEU Einfamilienhaus mit zwei Einliegerwohnungen in Bad...","https://www.immonet.de/angebot/44740957","710.000 €","11","206 m²","1,239 m²","74177 Bad Friedrichshall
Auf Karte anzeigen","1965","","Öl","Klasse E"
"GW-Invest: gepflegtes MFH in familienfreundlicher Umge...","https://www.immonet.de/angebot/44649541","950.000 €","10","265 m²","512 m²","74385 Pleidelsheim
Auf Karte anzeigen","","Zentralheizung","Öl",""
"Wohn- und Geschäftshaus direkt im Zentrum von Oedheim","https://www.immonet.de/angebot/43871159","449.000 €","5","135 m²","86 m²","Schulstraße 23
74229 Oedheim
Auf Karte anzeigen","1916","Zentralheizung","Öl","Klasse G"
"NEU Einfamilienhaus in idyllischer Lage","https://www.immonet.de/angebot/44739564","560.000 €","5.5","140 m²","719 m²","74906 Bad Rappenau
Auf Karte anzeigen","1971","Zentralheizung","Öl",""
"WEITBLICK: Hör niemals auf zu träumen!","https://www.immonet.de/angebot/44304797","865.000 €","8","260 m²","565 m²","74379 Ingersheim
Auf Karte anzeigen","1967","Zentralheizung","Öl","Klasse D"
"XXL-Anwesen, MFH, drei Wohnungen, Dachausbau, ca. 1000...","https://www.immonet.de/angebot/44254913","1.890.000 €","11","230 m²","1,000 m²","74321 Bietigheim-Bissingen
Auf Karte anzeigen","1910","Zentralheizung","Gas",""
"Ein Anwesen mit vielen Gestaltungsmöglichkeiten","https://www.immonet.de/angebot/43809777","873.000 €","6.5","168 m²","690 m²","74379 Ingersheim
Auf Karte anzeigen","1914","Zentralheizung","Gas, Holz","Klasse E"
"Charmantes 8 1/2 Zimmer Haus mit großem Garten, Garage...","https://www.immonet.de/angebot/44684746","792.000 €","8.5","225 m²","634 m²","74379 Ingersheim
Auf Karte anzeigen","1931","","Gas","Klasse F"
"WEITBLICK: Schick im Grünen!","https://www.immonet.de/angebot/44576640","895.000 €","6","200 m²","949 m²","74385 Pleidelsheim
Auf Karte anzeigen","1970","Zentralheizung","",""
"Handwerker aufgepasst - die perfekte Lage","https://www.immonet.de/angebot/44621234","572.000 €","5.5","111 m²","133 m²","74321 Bietigheim-Bissingen
Auf Karte anzeigen","1900","","Gas","Klasse H"
"TOP LAGE freist. Einfamilienhaus in Heinsheim / Bad...","https://www.immonet.de/angebot/43945116","395.000 €","7","200 m²","700 m²","74906 Bad Rappenau
Auf Karte anzeigen","1960","","",""
"Moderne DHH in zentraler Lage","https://www.immonet.de/angebot/42213955","878.000 €","4.5","122 m²","217 m²","74321 Bietigheim-Bissingen
Auf Karte anzeigen","2023","","Fernwärme",""
"Das Haus am Schloss - FALC Immobilien Heilbronn","https://www.immonet.de/angebot/42754304","624.000 €","7.5","167 m²","385 m²","74906 Bad Rappenau
Auf Karte anzeigen","2022","","Strom","Klasse A+"
"Moderne und gepflegte DHH Baujahr 2011, Privatverkauf","https://www.immonet.de/angebot/44476637","750.000 €","4","120 m²","274 m²","Riedstr. 55
71711 Steinheim
Auf Karte anzeigen","2011","","Gas",""
"Heimwerker-Haus mit Garten","https://www.immonet.de/angebot/44223413","335.000 €","5.5","114 m²","411 m²","74912 Kirchardt
Auf Karte anzeigen","1982","Zentralheizung","Pellets","Klasse F"
"RMH, mit viel Platz für die ganze Familie, inkl. Garte...","https://www.immonet.de/angebot/43213662","579.000 €","4.5","114 m²","192 m²","74343 Sachsenheim
Auf Karte anzeigen","2021","","",""
"REH, mit viel Platz für die ganze Familie, inkl. Garte...","https://www.immonet.de/angebot/43213659","569.000 €","4.5","114 m²","188 m²","74343 Sachsenheim
Auf Karte anzeigen","2021","","",""
"Familientraum in Sachsenheim! Traumhaus mit Dachterras...","https://www.immonet.de/angebot/43213660","649.500 €","4.5","131 m²","269 m²","74343 Sachsenheim
Auf Karte anzeigen","2021","","",""
"RMH, mit viel Platz für die ganze Familie, inkl. Garte...","https://www.immonet.de/angebot/43213661","549.000 €","4.5","114 m²","184 m²","74343 Sachsenheim
Auf Karte anzeigen","2021","","",""
"RMH, mit viel Platz für die ganze Familie, inkl. Garte...","https://www.immonet.de/angebot/43213664","549.000 €","4.5","114 m²","184 m²","74343 Sachsenheim
Auf Karte anzeigen","2021","","",""
"RMH, mit viel Platz für die ganze Familie, inkl. Garte...","https://www.immonet.de/angebot/43213663","619.500 €","4.5","131 m²","192 m²","74343 Sachsenheim
Auf Karte anzeigen","2021","","",""
"Ihr Traumhaus mit Dachterrasse und Garten in Sachsenhe...","https://www.immonet.de/angebot/43213666","599.500 €","4.5","131 m²","193 m²","74343 Sachsenheim
Auf Karte anzeigen","2021","","",""
"RMH, mit viel Platz für die ganze Familie, inkl. Garte...","https://www.immonet.de/angebot/43213668","549.000 €","4.5","114 m²","183 m²","74343 Sachsenheim
Auf Karte anzeigen","2021","","",""
"RMH, mit viel Platz für die ganze Familie, inkl. Garte...","https://www.immonet.de/angebot/43213671","549.000 €","4.5","114 m²","185 m²","74343 Sachsenheim
Auf Karte anzeigen","2021","","",""
"RMH, mit viel Platz für die ganze Familie, inkl. Garte...","https://www.immonet.de/angebot/43213672","549.000 €","4.5","114 m²","183 m²","74343 Sachsenheim
Auf Karte anzeigen","2021","","",""
"VERKAUFT ! Ein- Zweifamilienhaus mit sehr großem 1.591...","https://www.immonet.de/angebot/44494089","490.000 €","7","152 m²","1,591 m²","74343 Sachsenheim
Auf Karte anzeigen","1930","","Öl",""
"1-Fam. Haus ( DHH ) mit Garage und Werkstatt","https://www.immonet.de/angebot/43974322","595.000 €","4","102 m²","239 m²","74343 Sachsenheim
Auf Karte anzeigen","1921","Zentralheizung","Öl",""
"Herrschaftliches Anwesen auf drei Etagen, in Eppinger...","https://www.immonet.de/angebot/43771722","1.690.000 €","10","435 m²","1,470 m²","-
75031 Eppingen
Auf Karte anzeigen","1997","Zentralheizung","",""
"NEU VBU Immobilien - Ein Wohntraum für die Familie","https://www.immonet.de/angebot/44720016","965.000 €","8","322 m²","909 m²","75031 Eppingen
Auf Karte anzeigen","1987","","Öl","Klasse D"
"VBU Immobilien - Wohnen und Arbeiten, wo andere Urlaub...","https://www.immonet.de/angebot/43929274","695.000 €","7","220 m²","414 m²","74374 Zaberfeld
Auf Karte anzeigen","1797","Zentralheizung","Öl",""
"Exklusives Einfamilienhaus","https://www.immonet.de/angebot/42775626","1.295.000 €","8.5","330 m²","470 m²","71691 Freiberg
Auf Karte anzeigen","1991","Zentralheizung","Öl","Klasse E"
"2-Familienhaus mit viel Potential und großem Grundstüc...","https://www.immonet.de/angebot/43670004","598.000 €","6","168 m²","1,157 m²","74196 Neuenstadt
Auf Karte anzeigen","1972","Zentralheizung","Öl","Klasse G"
"Großzügig-Modern-Elegant!","https://www.immonet.de/angebot/44102756","766.000 €","","160 m²","187 m²","Jahnstraße 77
74321 Bietigheim-Bissingen
Auf Karte anzeigen","","","Luft-/Wasserwärme",""
"Doppelhäuser in BEST-LAGE","https://www.immonet.de/angebot/44531437","559.900 €","6.5","178 m²","215 m²","Höhenweg
74906 Bad Rappenau
Auf Karte anzeigen","2021","","Luft-/Wasserwärme","Klasse A"
"Fachwerkhaus am Ludwigsplatz - Arbeiten und Wohnen in...","https://www.immonet.de/angebot/42106257","350.000 €","10","390 m²","210 m²","Bahnhofstr. 7
75031 Eppingen
Auf Karte anzeigen","","Etagenheizung","Gas",""
"RESERVIERT: Zweifamilienhaus mit ehemaliger Werkstatt...","https://www.immonet.de/angebot/43669512","400.000 €","5","163 m²","729 m²","75031 Eppingen
Auf Karte anzeigen","1964","Zentralheizung","Öl",""
"NEU Schmuckes kernsaniertes Reihenendhaus im idyllischen...","https://www.immonet.de/angebot/44771340","229.000 €","3.5","100 m²","78 m²","75031 Eppingen
Auf Karte anzeigen","1900","Ofenheizung","Holz","Klasse F"
"NEU Geräumige Doppelhaushälfte mit Scheune u. Hof, ca. 133...","https://www.immonet.de/angebot/44720684","229.000 €","4","133 m²","219 m²","75031 Eppingen
Auf Karte anzeigen","1904","Ofenheizung","Holz","Klasse H"
"* Endlich Platz für alle! * Mit Kinderzimmern, home-of...","https://www.immonet.de/angebot/44173069","881.580 €","6.5","143 m²","425 m²","71691 Freiberg
Auf Karte anzeigen","2022","","",""
"Kapitalanleger aufgepasst: Kauf auf Nießbrauchbasis -...","https://www.immonet.de/angebot/44217198","415.000 €","6","173 m²","355 m²","71691 Freiberg
Auf Karte anzeigen","1972","","Solar, Strom","Klasse C"
"Großzügige und helle Doppelhaushälfte mit Balkon, Terr...","https://www.immonet.de/angebot/44614937","549.000 €","6","124 m²","301 m²","71691 Freiberg
Auf Karte anzeigen","1954","","Strom",""
"*Zentrales MFH* 4 Familienhaus mit großem Gartenberei...","https://www.immonet.de/angebot/44130843","1.100.000 €","11.5","330 m²","850 m²","71672 Marbach
Auf Karte anzeigen","1961","Zentralheizung","Öl",""
"Rarität in Sersheim - Haus mit Grundstück zu verkaufen","https://www.immonet.de/angebot/44677310","769.000 €","7.5","240 m²","471 m²","74372 Sersheim
Auf Karte anzeigen","1953","","Pellets, Holz, Solar, Strom","Klasse D"
"Geräumiges Einfamilienhaus mit Terrasse, Garten und...","https://www.immonet.de/angebot/44607606","469.000 €","5","129 m²","1,200 m²","74196 Neuenstadt
Auf Karte anzeigen","1900","Zentralheizung","Gas","Klasse H"
"NEU Älteres 1 Familienhaus","https://www.immonet.de/angebot/44750566","250.000 €","3","100 m²","240 m²","74374 Zaberfeld
Auf Karte anzeigen","1950","Zentralheizung","Flüssiggas, Gas",""
"NEU Viel Platz und viele Möglichkeiten für Macher***","https://www.immonet.de/angebot/44728057","269.000 €","6","119 m²","351 m²","Schloßhof 3
74374 Zaberfeld
Auf Karte anzeigen","1902","Zentralheizung","Öl","Klasse H"
"NEU Haus mit Platz für Ihre Wünsche","https://www.immonet.de/angebot/44722356","319.000 €","8","150 m²","2,038 m²","74374 Zaberfeld
Auf Karte anzeigen","1880","Zentralheizung","Holz, Öl","Klasse H"
"Perfektes Traumhaus mit großem Garten und Garage in...","https://www.immonet.de/angebot/44662594","868.000 €","6.5","160 m²","170 m²","71729 Erdmannhausen
Auf Karte anzeigen","1978","Zentralheizung","Gas","Klasse B"
"NEU Perfektes Traumhaus mit großem Garten und Garage in...","https://www.immonet.de/angebot/44743463","868.000 €","6.5","160 m²","170 m²","71729 Erdmannhausen
Auf Karte anzeigen","1978","Zentralheizung","Gas","Klasse B"
"Schickes Reihenmittelhaus mit viel Platz für Groß und...","https://www.immonet.de/angebot/43958094","435.000 €","7","128 m²","198 m²","71665 Vaihingen
Auf Karte anzeigen","1977","Zentralheizung","Öl","Klasse C"
"NEU Mehr ""Sein"" als ""Schein""","https://www.immonet.de/angebot/44763469","1.250.000 €","7.5","339 m²","621 m²","71732 Tamm
Auf Karte anzeigen","1973","Zentralheizung","Öl","Klasse G"
"Großzügig - individuell - ruhige Lage - herrliche Fern...","https://www.immonet.de/angebot/44354362","625.000 €","9","239 m²","1,688 m²","74861 Neudenau
Auf Karte anzeigen","1991","Zentralheizung","Öl","Klasse F"
"5 Familienhaus mit 4,5 % Rendite","https://www.immonet.de/angebot/43764086","649.000 €","10","320 m²","516 m²","74861 Neudenau
Auf Karte anzeigen","1963","Zentralheizung","Gas",""
"++ Mehrgenerationenhaus mit Garagen und Werkräumen für...","https://www.immonet.de/angebot/44038376","859.000 €","15","300 m²","674 m²","71706 Markgröningen
Auf Karte anzeigen","1977","Zentralheizung","Öl, Strom","Klasse G"
"Teil modernisiertes Zweifamilienhaus mit Garten, Winte...","https://www.immonet.de/angebot/44526257","675.000 €","7","188 m²","647 m²","74831 Gundelsheim
Auf Karte anzeigen","1981","Zentralheizung","Öl",""
"NEU Altes Haus mit großem Hanggrundstück in Herbolzheim","https://www.immonet.de/angebot/44740637","170.000 €","7.5","100 m²","625 m²","74861 Neudenau
Auf Karte anzeigen","1937","","",""
"NEU RANDLAGE FÜR GENIEßER","https://www.immonet.de/angebot/44703908","425.000 €","5","150 m²","419 m²","74861 Neudenau
Auf Karte anzeigen","","","",""
"Gepflegtes Zweifamilienhaus im Grünen! Ruhig und Natur...","https://www.immonet.de/angebot/44668847","425.000 €","5","150 m²","419 m²","74861 Neudenau
Auf Karte anzeigen","1960","Zentralheizung","","Klasse F"
"Traumhaus mit individuellem Ambiente und hochwertiger...","https://www.immonet.de/angebot/44020202","750.000 €","7","221 m²","658 m²","74889 Sinsheim
Auf Karte anzeigen","1786","Ofenheizung","Pellets, Solar","Klasse D"
"Kapitalanleger aufgepasst! Großzügiges Wohnhaus mit 5...","https://www.immonet.de/angebot/44601342","490.000 €","11","264 m²","437 m²","74855 Haßmersheim
Auf Karte anzeigen","1954","Zentralheizung","Öl","Klasse F"
"NEU Einfamilienhaus auf einzigartigem Grundstück","https://www.immonet.de/angebot/44726423","850.000 €","5","173 m²","200 m²","71642 Ludwigsburg
Auf Karte anzeigen","2021","","",""
"NEU 6-Familenhaus in herrlicher Aussichtslage","https://www.immonet.de/angebot/44741483","999.000 €","18","449 m²","889 m²","74861 Neudenau
Auf Karte anzeigen","1996","","Gas","Klasse D"
"Platz für neue Wohnideen! Geräumiges Zweifamilienhaus...","https://www.immonet.de/angebot/44525004","480.000 €","10","245 m²","987 m²","74861 Neudenau
Auf Karte anzeigen","1959","Zentralheizung","Gas","Klasse G"
"Außergewöhnlich großzügiges Zweifamilienhaus mit Kelle...","https://www.immonet.de/angebot/43666414","749.000 €","10","302 m²","451 m²","74889 Sinsheim
Auf Karte anzeigen","1950","Zentralheizung","Öl","Klasse F"
"Großes Denkmalschutzobjekt für Kapitalanleger/Projekte...","https://www.immonet.de/angebot/44072449","1.100.000 €","12","305 m²","592 m²","71642 Ludwigsburg
Auf Karte anzeigen","1800","","Gas",""
"Top Kapitalanlage! Gut vermietetes Mehrfamilienhaus in...","https://www.immonet.de/angebot/41306241","750.000 €","14","252 m²","764 m²","71739 Oberriexingen
Auf Karte anzeigen","1969","Zentralheizung","Öl","Klasse F"
"NEU Barrierefreier Neubau Bungalow mit Gartenparadies ...","https://www.immonet.de/angebot/44747815","579.000 €","3.5","163 m²","627 m²","75031 Eppingen
Auf Karte anzeigen","2019","","Luft-/Wasserwärme","Klasse A+"
"ATTRAKTIVE KAPITALANLAGE & RENDITE - Verkauf mit Wohnr...","https://www.immonet.de/angebot/44685444","295.000 €","6","121 m²","182 m²","71634 Ludwigsburg
Auf Karte anzeigen","1906","","Gas","Klasse G"
"Zweifamiliehaus am Feldrand","https://www.immonet.de/angebot/44497604","769.000 €","8","242 m²","900 m²","74889 Sinsheim
Auf Karte anzeigen","2023","Zentralheizung","Luft-/Wasserwärme","Klasse A+"
"Charmantes Wohnhaus mit herrlichem Garten!","https://www.immonet.de/angebot/44129866","339.000 €","5","100 m²","831 m²","75056 Sulzfeld
Auf Karte anzeigen","1905","Zentralheizung","Pellets","Klasse H"
"GWInvest: Sehr gepflegtes und solides Mehrfamilienhaus...","https://www.immonet.de/angebot/43483611","1.750.000 €","18","369 m²","880 m²","71642 Ludwigsburg
Auf Karte anzeigen","1965","Zentralheizung","Gas",""
"PROVISIONSFREI! Schönes 1-2 Familienhaus mit Potential...","https://www.immonet.de/angebot/44646506","499.000 €","7","188 m²","900 m²","75056 Sulzfeld
Auf Karte anzeigen","","","Öl","Klasse H"
"Saniertes EFH mit 550 m² Fläche und ca. 896 m² Grundst...","https://www.immonet.de/angebot/43263104","1.950.000 €","16","400 m²","896 m²","71634 Ludwigsburg
Auf Karte anzeigen","1958","Zentralheizung","Öl",""
"Einfamilienhaus in Randlage mit Ausbaureserve und viel...","https://www.immonet.de/angebot/44073392","892.000 €","6.5","278 m²","1,750 m²","74924 Neckarbischofsheim
Auf Karte anzeigen","2006","","Solar, Strom","Klasse B"
"Wohn- und Geschäftshaus, Citylage mit genehm. Baugesuc...","https://www.immonet.de/angebot/44414038","3.290.000 €","19","681 m²","442 m²","71634 Ludwigsburg
Auf Karte anzeigen","1900","","",""
"*12-FH ALS INVESTMENTPAKET*","https://www.immonet.de/angebot/42737328","2.980.000 €","","840 m²","1,094 m²","71640 Ludwigsburg
Auf Karte anzeigen","1963","","Gas","Klasse D"
"PROVISIONSFREI! Einziehen und wohlfühlen! Großes Einfa...","https://www.immonet.de/angebot/44674481","620.000 €","5","141 m²","385 m²","75056 Sulzfeld
Auf Karte anzeigen","","","","Klasse D"
"Sanierungsbedürftiges Haus in Top Lage - Natur pur","https://www.immonet.de/angebot/44685322","760.000 €","10","195 m²","650 m²","71563 Affalterbach
Auf Karte anzeigen","1968","Zentralheizung","Öl","Klasse H"
"3-4 Familienhaus/MGH in ruhiger & familienfreundlicher...","https://www.immonet.de/angebot/44687181","1.200.000 €","12","344 m²","702 m²","71706 Markgröningen
Auf Karte anzeigen","1989","Etagenheizung","Strom",""
"Einfamilienhaus in Traumlage, inkl. Grundstück, belags...","https://www.immonet.de/angebot/43465543","415.000 €","5","161 m²","452 m²","75057 Kürnbach
Auf Karte anzeigen","","","",""
"* Freistehendes Einfamilienhaus in Ortsrandnähe.","https://www.immonet.de/angebot/44489956","579.000 €","8","124 m²","486 m²","71563 Affalterbach
Auf Karte anzeigen","1913","Zentralheizung","Öl",""
"Einzigartiges Kulturdenkmal in Neckarzimmern!","https://www.immonet.de/angebot/43911722","320.000 €","11","237 m²","1,090 m²","74865 Neckarzimmern
Auf Karte anzeigen","1526","Zentralheizung","Öl",""
"Charmantes 3 Familienhaus in ruhiger Einliegerstraße...","https://www.immonet.de/angebot/44607600","980.000 €","9","160 m²","207 m²","71636 Ludwigsburg
Auf Karte anzeigen","1928","Zentralheizung","Öl","Klasse E"
"WEITBLICK: Stadtglück!","https://www.immonet.de/angebot/44583667","875.000 €","4","125 m²","452 m²","71636 Ludwigsburg
Auf Karte anzeigen","1938","Zentralheizung","Gas",""
"Renditestarkes Wohn- & Geschäftshaus in der Fußgängerz...","https://www.immonet.de/angebot/44620857","2.490.000 €","10","326 m²","481 m²","71638 Ludwigsburg
Auf Karte anzeigen","1965","Zentralheizung","Gas","Klasse H"
"Doppelhaushälfte auf großzügigem Grundstück - Perfekt...","https://www.immonet.de/angebot/43767603","719.269 €","4","130 m²","500 m²","71665 Vaihingen
Auf Karte anzeigen","","","",""
"Neubau Doppelhaushälfte in Vaihingen Enz - Perfekt für...","https://www.immonet.de/angebot/43767604","765.221 €","7","155 m²","500 m²","","","","",""