"house_name","house_url","house_price","house_living_area","house_tot_area","house_address","house_construction_year","house_rooms","house_energy_class","house_heating","house_energy_sources"
"Doppelhaushälfte im unfertigen Bauzustand in Heilbronn","https://www.immonet.de/angebot/45550973","275.000 €","125 m²","249 m²","74074 Heilbronn
Auf Karte anzeigen","1946","","","",""
"RENDITE ODER GROßFAMILIENHAUS","https://www.immonet.de/angebot/45531152","379.000 €","160 m²","171 m²","74081 Heilbronn
Auf Karte anzeigen","","8","","",""
"Wohnschatz mit viel Platz! - FALC Immobilien Heilbronn","https://www.immonet.de/angebot/45196519","449.000 €","168 m²","177 m²","74080 Heilbronn
Auf Karte anzeigen","1906","9","Klasse F","Zentralheizung","Gas"
"NEU Familienheim mit Potenzial","https://www.immonet.de/angebot/45619677","479.000 €","165 m²","321 m²","74078 Heilbronn
Auf Karte anzeigen","1902","8","Klasse H","Zentralheizung","Gas"
"Neuwertiges Einfamilienhaus mit Einliegerwohnung","https://www.immonet.de/angebot/45392000","520.000 €","140 m²","124 m²","74078 Heilbronn
Auf Karte anzeigen","1896","5","Klasse F","Zentralheizung",""
"NEU Wohn- und Geschäftshaus","https://www.immonet.de/angebot/45619720","550.000 €","150 m²","160 m²","74081 Heilbronn
Auf Karte anzeigen","1875","2","Klasse G","Etagenheizung","Gas"
"NEU Lichtdurchflutete Doppelhaushälfte in Heilbronn-Kirchh...","https://www.immonet.de/angebot/45619579","598.000 €","130 m²","","74078 Heilbronn
Auf Karte anzeigen","2021","","","",""
"NEU Großzügige Doppelhaushälfte in Heilbronn-Kirchhausen...","https://www.immonet.de/angebot/45619583","598.000 €","130 m²","","74078 Heilbronn
Auf Karte anzeigen","2021","","","",""
"Aus ALT mach NEU!!! - FALC Immobilien Heilbronn","https://www.immonet.de/angebot/45516609","599.000 €","175 m²","101 m²","74076 Heilbronn
Auf Karte anzeigen","1950","9","Klasse G","","Strom"
"NEU ##STATT WOHNUNG MIT BALKON -FAMILIENSTADTHAUS MIT GART...","https://www.immonet.de/angebot/45604670","675.000 €","130 m²","210 m²","74078 Heilbronn
Auf Karte anzeigen","","6","","",""
"Doppelhaus in bester Lage am Fuße des Wartbergs","https://www.immonet.de/angebot/45578278","685.000 €","156 m²","172 m²","74076 Heilbronn
Auf Karte anzeigen","1990","7","Klasse D","Zentralheizung","Gas"
"Reihenmittelhaus in bester Lage beim Wartberg","https://www.immonet.de/angebot/45570838","699.000 €","156 m²","114 m²","74076 Heilbronn
Auf Karte anzeigen","2000","","Klasse C","Zentralheizung","Gas"
"Wohn- und Geschäftshaus in der Heilbronn-Innenstadt zu...","https://www.immonet.de/angebot/42838672","749.000 €","98 m²","94 m²","Siebeneichgasse 5
74072 Heilbronn
Auf Karte anzeigen","1959","5","Klasse E","Zentralheizung","Gas"
"Traumhaftes Haus mit Lagerhalle","https://www.immonet.de/angebot/44365638","835.000 €","275 m²","1,059 m²","74078 Heilbronn
Auf Karte anzeigen","1963","5","Klasse D","Zentralheizung","Gas"
"Ihr neues Zuhause am Neckar - FALC Immobilien Heilbron...","https://www.immonet.de/angebot/44711949","980.000 €","308 m²","500 m²","74078 Heilbronn
Auf Karte anzeigen","1935","10","Klasse F","Zentralheizung","Gas"
"Sichern Sie ihr Kapital mit Immobilien!","https://www.immonet.de/angebot/45558732","1.350.000 €","380 m²","500 m²","74080 Heilbronn
Auf Karte anzeigen","1980","","","",""
"60.000 Euro Mieteinnahme/Jahr! Kapitalanleger aufgepas...","https://www.immonet.de/angebot/45264895","1.450.000 €","427 m²","169 m²","74080 Heilbronn
Auf Karte anzeigen","1950","14","","Zentralheizung","Gas"
"Wohnen mit hohem Anspruch trifft auf Bestlage mit trau...","https://www.immonet.de/angebot/45543591","1.690.000 €","365 m²","683 m²","74076 Heilbronn
Auf Karte anzeigen","1972","9","Klasse B","Zentralheizung","Gas"
"NEU Heilbronn-Ost - 3-Familienhaus in Pfühlpark-Nähe","https://www.immonet.de/angebot/45630767","1.850.000 €","320 m²","1,060 m²","74074 Heilbronn
Auf Karte anzeigen","1963","12","","Zentralheizung","Öl"
"Im Herzen von Heilbronn!","https://www.immonet.de/angebot/44686593","6.800.000 €","1,366 m²","1,201 m²","74074 Heilbronn
Auf Karte anzeigen","1991","","Klasse G","Zentralheizung","Gas"
"Wohnkomfort in ruhiger Lage","https://www.immonet.de/angebot/45254386","680.000 €","127 m²","433 m²","74223 Flein
Auf Karte anzeigen","1971","4.5","Klasse G","","Öl"
"Haus mit großem Potential","https://www.immonet.de/angebot/45578066","750.000 €","159 m²","579 m²","74223 Flein
Auf Karte anzeigen","1961","8","Klasse G","Zentralheizung","Gas"
"AUGENWEIDE - Edles EFH mit traumhaftem Garten","https://www.immonet.de/angebot/44698814","1.300.000 €","260 m²","602 m²","74388 Talheim
Auf Karte anzeigen","1984","6","Klasse D","Zentralheizung","Holz, Öl"
"Einfamilienhaus mit Einliegerwohnung und Garage / Whir...","https://www.immonet.de/angebot/45072258","475.000 €","118 m²","110 m²","Badener Str
74211 Leingarten
Auf Karte anzeigen","","4","","",""
"VBU Immobilien - Neu und individuell! Wohnen und Arbei...","https://www.immonet.de/angebot/45317486","659.000 €","120 m²","322 m²","74336 Brackenheim
Auf Karte anzeigen","2020","5","Klasse C","","Öl"
"NEU VBU Immobilien - Willkommen Familie","https://www.immonet.de/angebot/45638325","398.000 €","98 m²","378 m²","74211 Leingarten
Auf Karte anzeigen","1966","5.5","Klasse H","","Öl"
"Großzügige Doppelhaushälfte im Herzen von Kirchheim am...","https://www.immonet.de/angebot/44954447","450.000 €","168 m²","340 m²","74366 Kirchheim
Auf Karte anzeigen","1895","7","Klasse H","Ofenheizung","Holz, Kohle, Öl"
"NEU NUR NOCH EINE DHH FREI - WOHNEN AN DER ZABER - PROJEKT...","https://www.immonet.de/angebot/45630770","475.000 €","120 m²","148 m²","74336 Brackenheim
Auf Karte anzeigen","2021","4.5","Klasse A","","Gas"
"Ein Wohntraum - der keine Wünsche offen lässt. - FALC...","https://www.immonet.de/angebot/45300799","950.000 €","286 m²","540 m²","74199 Untergruppenbach
Auf Karte anzeigen","1991","9.5","Klasse D","Zentralheizung","Öl"
"RMH Pinot - Ihr Traum vom Eigenheim wird wahr! *Neubau...","https://www.immonet.de/angebot/45536337","609.900 €","115 m²","136 m²","74366 Kirchheim
Auf Karte anzeigen","","4.5","","",""
"REH Acolon mit einem großen Garten *Neubau-Infos am...","https://www.immonet.de/angebot/45536339","699.900 €","133 m²","238 m²","74366 Kirchheim
Auf Karte anzeigen","","4.5","","",""
"RMH Pinot - Traumhaus in Kirchheim am Neckar *Neubau-I...","https://www.immonet.de/angebot/45536340","609.900 €","115 m²","137 m²","74366 Kirchheim
Auf Karte anzeigen","","4.5","","",""
"REH Acolon - mit einem Garten und Dachterrasse *Neubau...","https://www.immonet.de/angebot/45536369","679.900 €","133 m²","186 m²","74366 Kirchheim
Auf Karte anzeigen","","4.5","","",""
"RMH Pinot - Wunderschönes Haus in inkl. Stellplatz...","https://www.immonet.de/angebot/45536370","599.900 €","115 m²","165 m²","74366 Kirchheim
Auf Karte anzeigen","","4.5","","",""
"RMH Pinot - Eigenheim mit Garten und Dachterrasse *Neu...","https://www.immonet.de/angebot/45536380","599.900 €","115 m²","160 m²","74366 Kirchheim
Auf Karte anzeigen","","4.5","","",""
"REH Acolon - inkl. Stellplatz, mit Garten und Dachterr...","https://www.immonet.de/angebot/45536381","679.900 €","133 m²","267 m²","74366 Kirchheim
Auf Karte anzeigen","","4.5","","",""
"REH Acolon - mit einem Garten und Dachterrasse *Neubau...","https://www.immonet.de/angebot/45541556","689.900 €","133 m²","323 m²","74366 Kirchheim
Auf Karte anzeigen","","4.5","","",""
"Wohnen im Bachrain - traumhaftes REH in unverbaubarer...","https://www.immonet.de/angebot/45433493","599.500 €","114 m²","234 m²","74366 Kirchheim
Auf Karte anzeigen","","4.5","","",""
"Baujahr 1992! Wohn- und Geschäftshaus/ Boardinghouse...","https://www.immonet.de/angebot/45450449","4.500.000 €","1,536 m²","1,512 m²","74336 Brackenheim
Auf Karte anzeigen","1992","","","Zentralheizung","Gas"
"Anwesen/Zweifamilienhaus in Bönnigheim-Hohenstein","https://www.immonet.de/angebot/44129397","820.000 €","359 m²","679 m²","74357 Bönnigheim
Auf Karte anzeigen","1750","","","Zentralheizung","Gas"
"Historisches sanierungsbedürftiges Fachwerkhaus mit...","https://www.immonet.de/angebot/45359200","250.000 €","146 m²","170 m²","74336 Brackenheim
Auf Karte anzeigen","1775","5.5","Klasse F","Etagenheizung",""
"Moderne Doppelhaushälfte mit viel Platz und schöner...","https://www.immonet.de/angebot/45357880","640.000 €","167 m²","156 m²","74360 Ilsfeld
Auf Karte anzeigen","2002","5","Klasse B","Zentralheizung","Gas"
"Traumhafte DHH in Bönnigheim *Neubau-Info am Sonntag...","https://www.immonet.de/angebot/45571188","789.900 €","148 m²","355 m²","74357 Bönnigheim
Auf Karte anzeigen","","6.5","","",""
"Ihr Traum wird wahr - DHH mit sonniger Terrasse *Neuba...","https://www.immonet.de/angebot/45571187","764.900 €","148 m²","300 m²","74357 Bönnigheim
Auf Karte anzeigen","","6.5","","",""
"NEUBAU! Ruhig gelegenes Einfamilienhaus mit Garten in...","https://www.immonet.de/angebot/42473324","694.600 €","151 m²","250 m²","74357 Bönnigheim
Auf Karte anzeigen","2022","5","","",""
"Realisierbare Rendite von über 6%, san.bed. MFH mit...","https://www.immonet.de/angebot/44239853","530.000 €","235 m²","551 m²","74357 Bönnigheim
Auf Karte anzeigen","1900","16","Klasse H","Zentralheizung","Öl"
"Mit Sicht über den Stromberg. Reihenhaus in Bönnigheim...","https://www.immonet.de/angebot/44291895","558.200 €","133 m²","155 m²","74357 Bönnigheim
Auf Karte anzeigen","2021","4.5","","",""
"NEU Reihenhaus mit sonniger Dachterrasse in Bönnigheim.","https://www.immonet.de/angebot/45632678","579.900 €","133 m²","155 m²","74357 Bönnigheim
Auf Karte anzeigen","2021","4.5","","",""
"NEU Reiheneckhaus inkl. Garten und Dachterrasse für Famili...","https://www.immonet.de/angebot/45632679","599.500 €","133 m²","219 m²","74357 Bönnigheim
Auf Karte anzeigen","2021","4.5","","",""
"DHH in begehrter Lage mit dem gewissen Extra","https://www.immonet.de/angebot/45436019","655.000 €","169 m²","187 m²","74172 Neckarsulm
Auf Karte anzeigen","1971","6","Klasse E","Zentralheizung","Gas"
"Einfamilien-oder Zweifamilienhaus ? Hier ist beides...","https://www.immonet.de/angebot/45496433","949.000 €","205 m²","792 m²","74193 Schwaigern
Auf Karte anzeigen","1971","8","Klasse F","Zentralheizung",""
"Exklusives Anwesen in Weinsberg ""Uniform ist...","https://www.immonet.de/angebot/45405667","1.090.000 €","240 m²","129 m²","Unteres Tor 2
74189 Weinsberg
Auf Karte anzeigen","2016","8","Klasse B","Zentralheizung","Gas"
"Zwei-Familienhaus mit schönem, großem Garten und 2...","https://www.immonet.de/angebot/45103572","715.000 €","176 m²","622 m²","74172 Neckarsulm
Auf Karte anzeigen","1958","7","Klasse H","Etagenheizung","Gas"
"NEU Vielseitiges Wohnhaus in exzellenter Lage in Neckarsul...","https://www.immonet.de/angebot/45607957","600.000 €","115 m²","368 m²","74172 Neckarsulm
Auf Karte anzeigen","1960","7","","Zentralheizung","Gas"
"Stilvolles Fachwerkhaus mit 3 Wohneinheiten","https://www.immonet.de/angebot/45104322","1.480.000 €","434 m²","856 m²","74172 Neckarsulm
Auf Karte anzeigen","1928","13","","","Gas"
"NEU VBU Immobilien - Freuen Sie sich auf die Familiendoppe...","https://www.immonet.de/angebot/45638326","639.000 €","137 m²","254 m²","74193 Schwaigern
Auf Karte anzeigen","2004","4.5","Klasse C","","Öl"
"NEU Hier können Kinder schön aufwachsen: Geräumiges EFH...","https://www.immonet.de/angebot/45621296","349.000 €","120 m²","133 m²","74189 Weinsberg
Auf Karte anzeigen","1953","5","Klasse G","Zentralheizung","Öl"
"Bauernhaus und Scheune mit Sanierungsbedarf im Ortsker...","https://www.immonet.de/angebot/45314940","315.000 €","120 m²","236 m²","74235 Erlenbach
Auf Karte anzeigen","1900","6","Klasse F","Ofenheizung",""
"NEU Sonderaktion Herbst-Special, inklusive Kaminofen oder...","https://www.immonet.de/angebot/45617055","415.000 €","142 m²","480 m²","74172 Neckarsulm
Auf Karte anzeigen","","5","","","Gas"
"Ihr Wohntraum in Abstatt! Einfamilienhaus mit Garten...","https://www.immonet.de/angebot/44946776","849.000 €","173 m²","480 m²","74232 Abstatt
Auf Karte anzeigen","2002","7","Klasse C","Zentralheizung","Gas"
"Ein- Zweifamilienhaus plus DG","https://www.immonet.de/angebot/45089920","620.000 €","211 m²","454 m²","74232 Abstatt
Auf Karte anzeigen","1974","8","Klasse F","Zentralheizung","Öl"
"Außergewöhnliche Villa in Jugendstilarchitektur - ein...","https://www.immonet.de/angebot/45552216","1.572.000 €","235 m²","669 m²","74189 Weinsberg
Auf Karte anzeigen","2008","6.5","Klasse C","Zentralheizung","Gas"
"Mehrfamilienhaus (3 Wohnungen) in zentraler Lage und...","https://www.immonet.de/angebot/45233926","559.000 €","160 m²","110 m²","Frühmeßgasse 8
74172 Neckarsulm
Auf Karte anzeigen","1952","6","Klasse G","Ofenheizung","Holz, Kohle"
"Herrlich Wohnen in zentraler Lage","https://www.immonet.de/angebot/45092578","795.000 €","244 m²","463 m²","74172 Neckarsulm
Auf Karte anzeigen","1928","11","Klasse C","Zentralheizung","Gas"
"Gepflegtes Einfamilienhaus in ruhiger Lage von Erlighe...","https://www.immonet.de/angebot/45308414","599.000 €","165 m²","224 m²","74391 Erligheim
Auf Karte anzeigen","1991","5.5","Klasse D","Zentralheizung","Öl"
"TOP gepflegtes Reihenendhaus in moderner Ausstattung ...","https://www.immonet.de/angebot/45439288","579.000 €","162 m²","274 m²","74251 Lehrensteinsfeld
Auf Karte anzeigen","1972","5","Klasse D","Zentralheizung","Öl"
"Großzügiges Einfamilienhaus für die ganze Familie mit...","https://www.immonet.de/angebot/45506616","1.290.000 €","189 m²","1,080 m²","74354 Besigheim
Auf Karte anzeigen","1953","7","Klasse G","Zentralheizung","Öl"
"Großzügiges Wohnhaus mit Einliegerwohnung, Garten und...","https://www.immonet.de/angebot/45313030","850.000 €","237 m²","757 m²","74172 Neckarsulm
Auf Karte anzeigen","1968","9","Klasse F","Zentralheizung","Gas"
"Herrlich Wohnen in attraktiver Lage","https://www.immonet.de/angebot/44687250","875.000 €","256 m²","693 m²","74257 Untereisesheim
Auf Karte anzeigen","1970","10","Klasse D","Zentralheizung","Öl"
"Lichtdurchflutete Stadtvilla mit Keller und Garage...","https://www.immonet.de/angebot/45579461","1.189.600 €","166 m²","660 m²","74389 Cleebronn
Auf Karte anzeigen","2022","6","Klasse A+","Zentralheizung",""
"Zwei-Dreifamilienhaus sucht dringend neue Besitzer in...","https://www.immonet.de/angebot/45518167","850.000 €","200 m²","313 m²","74354 Besigheim
Auf Karte anzeigen","1956","9","Klasse C","Zentralheizung","Öl"
"!!PROVISIONSFREI!! Vielseitig nutzbares Mehrfamilienha...","https://www.immonet.de/angebot/44627150","745.000 €","220 m²","516 m²","74257 Untereisesheim
Auf Karte anzeigen","1960","9","Klasse E","","Gas"
"Qualität auf allen Ebenen: Vielseitige Villa mit ELW...","https://www.immonet.de/angebot/45039020","1.200.000 €","196 m²","1,284 m²","71717 Beilstein
Auf Karte anzeigen","1979","8","Klasse E","","Öl"
"#willkommendaheim | Residieren auf höchstem Niveau","https://www.immonet.de/angebot/45044033","1.890.000 €","454 m²","525 m²","74354 Besigheim
Auf Karte anzeigen","1998","14","Klasse D","Zentralheizung","Gas"
"Günstiges Reihenendhaus mit Doppelgarage in Besigheim","https://www.immonet.de/angebot/44741711","326.000 €","170 m²","194 m²","74354 Besigheim
Auf Karte anzeigen","1908","","","Zentralheizung","Gas"
"Saniertes 3-Fam.-Haus mit Hobbyraum und Gewölbekeller...","https://www.immonet.de/angebot/45073425","720.000 €","200 m²","181 m²","74354 Besigheim
Auf Karte anzeigen","1924","9","Klasse E","Zentralheizung","Gas"
"#willkommendaheim | Exklusives Anwesen für Individuali...","https://www.immonet.de/angebot/45287458","1.290.000 €","327 m²","473 m²","74389 Cleebronn
Auf Karte anzeigen","1992","9","Klasse E","Etagenheizung","Flüssiggas"
"NEU Sofort beziehbares 3-Familienhaus","https://www.immonet.de/angebot/45583146","765.000 €","240 m²","368 m²","74395 Mundelsheim
Auf Karte anzeigen","1972","9","","Zentralheizung","Öl"
"WEITBLICK: Hör niemals auf zu träumen!","https://www.immonet.de/angebot/45368643","630.000 €","160 m²","452 m²","74395 Mundelsheim
Auf Karte anzeigen","1972","5.5","","Zentralheizung","Öl"
"Freistehendes Zweifamilienhaus in ruhiger Lage","https://www.immonet.de/angebot/45431063","695.000 €","215 m²","573 m²","74354 Besigheim
Auf Karte anzeigen","1962","10","","Zentralheizung","Öl"
"Immobilie mit Mietkauf erwerben. Ohne Eigenkapital","https://www.immonet.de/angebot/45528313","465.000 €","125 m²","180 m²","74177 Bad Friedrichshall
Auf Karte anzeigen","","5","","",""
"Schönes Einfamilienhaus mit PKW-Garage in Weinsberg","https://www.immonet.de/angebot/45550980","380.000 €","144 m²","655 m²","74189 Weinsberg
Auf Karte anzeigen","1976","","","",""
"Einfamilienhaus in 74189 Weinsberg, Kelterstr.","https://www.immonet.de/angebot/45555906","380.000 €","144 m²","655 m²","74189 Weinsberg
Auf Karte anzeigen","1976","","","",""
"Raumwunder: Vielseitiger Bungalow mit ca. 105 m² im EG...","https://www.immonet.de/angebot/45555084","530.000 €","105 m²","484 m²","74177 Bad Friedrichshall
Auf Karte anzeigen","1974","4","","Zentralheizung","Gas"
"3-Familienhaus mit Scheune und großem Garten in Güglin...","https://www.immonet.de/angebot/45423496","450.000 €","150 m²","1,277 m²","74363 Güglingen
Auf Karte anzeigen","1850","9","","","Öl"
"Wunderschöne Neubau Doppelhaushälfte XXL","https://www.immonet.de/angebot/45037920","850.000 €","248 m²","296 m²","74172 Neckarsulm
Auf Karte anzeigen","2020","9","Klasse A+","","Fernwärme"
"Helles, modernes 1-2-Familienhaus, Generationenhaus...","https://www.immonet.de/angebot/45475529","959.000 €","255 m²","467 m²","74172 Neckarsulm
Auf Karte anzeigen","2010","6","Klasse B","","Fernwärme"
"VBU Immobilien - Viel Raum für Ihre Wohnideen","https://www.immonet.de/angebot/45101381","298.000 €","125 m²","227 m²","74193 Schwaigern
Auf Karte anzeigen","1900","4.5","Klasse H","","Öl"
"Großzügiges und komfortables Wohnen in einer gepflegte...","https://www.immonet.de/angebot/45099617","779.000 €","175 m²","250 m²","74172 Neckarsulm
Auf Karte anzeigen","2009","8","Klasse B","","Fernwärme"
"NEU RENDITEOBJEKT! Historische Rarität in der Altstadt von...","https://www.immonet.de/angebot/45640108","2.399.000 €","763 m²","305 m²","74206 Bad Wimpfen
Auf Karte anzeigen","1994","24","","","Gas"
"Schönes 2 Familienhaus mit ausgebautem Dachgeschoss ...","https://www.immonet.de/angebot/44578145","650.000 €","165 m²","718 m²","74906 Bad Rappenau
Auf Karte anzeigen","1963","8","Klasse G","Zentralheizung","Öl, Solar"
"Sonniges Familiendomizil: Großes Einfamilienhaus mit...","https://www.immonet.de/angebot/45099549","650.000 €","190 m²","964 m²","75031 Eppingen
Auf Karte anzeigen","1976","7.5","Klasse G","Zentralheizung","Öl"
"Nur noch 1 Haus frei: In expon. Wohnlage ( Mühlsteige...","https://www.immonet.de/angebot/42651817","685.000 €","146 m²","437 m²","Mühlsteige 20
74246 Eberstadt
Auf Karte anzeigen","2021","5.5","","Zentralheizung","Luft-/Wasserwärme"
"Von Natur umgeben, hier lässt es sich leben! FALC Immo...","https://www.immonet.de/angebot/45104208","960.000 €","242 m²","1,247 m²","71717 Beilstein
Auf Karte anzeigen","1989","9","Klasse C","Zentralheizung","Öl"
"EXKLUSIVES HAUS & GARTENPARADIES EFH + ELW ,schönste...","https://www.immonet.de/angebot/45560474","999.000 €","230 m²","520 m²","71723 Großbottwar
Auf Karte anzeigen","1979","8.5","Klasse B","","Gas"
"Modernisiertes Fachwerkhaus mit 2 Wohnungen nähe Markt...","https://www.immonet.de/angebot/45099928","349.000 €","105 m²","67 m²","71723 Großbottwar
Auf Karte anzeigen","1932","5","","",""
"Vielseitiges großzügiges Zweifamilienhaus","https://www.immonet.de/angebot/44533735","560.000 €","144 m²","511 m²","74182 Obersulm
Auf Karte anzeigen","1966","7","Klasse C","","Öl"
"NEU Ein Schmuckstück in Bad Wimpfen","https://www.immonet.de/angebot/45607657","669.000 €","153 m²","638 m²","74206 Bad Wimpfen
Auf Karte anzeigen","1968","8","Klasse C","Zentralheizung",""
"VBU Immobilien - Platz für mehr als eine Familie","https://www.immonet.de/angebot/45475397","425.000 €","101 m²","531 m²","74397 Pfaffenhofen
Auf Karte anzeigen","1965","5","Klasse F","Zentralheizung","Öl"
"Wohntraum der Extraklasse in einem Ein- bis Zweifamili...","https://www.immonet.de/angebot/45318737","1.250.000 €","416 m²","837 m²","74397 Pfaffenhofen
Auf Karte anzeigen","1976","8","Klasse E","Zentralheizung","Öl, Solar"
"NEU Schönes Anwesen mit großen Räumen und umlaufendem Gart...","https://www.immonet.de/angebot/45591278","1.300.000 €","357 m²","1,148 m²","74177 Bad Friedrichshall
Auf Karte anzeigen","1983","12.5","","","Öl"
"NEU Großzügiges, gepflegtes Reihenendhaus mit umliegendem,...","https://www.immonet.de/angebot/45623016","649.000 €","123 m²","368 m²","74229 Oedheim
Auf Karte anzeigen","1990","6.5","Klasse D","Zentralheizung","Gas"
"NEU Das Traumhaus mitten in der Natur","https://www.immonet.de/angebot/45605513","890.000 €","212 m²","2,642 m²","74397 Pfaffenhofen
Auf Karte anzeigen","2001","8","Klasse D","Zentralheizung","Holz"
"So groß und famos! - FALC Immobilien Heilbronn","https://www.immonet.de/angebot/45035307","1.250.000 €","500 m²","612 m²","74245 Löwenstein
Auf Karte anzeigen","2008","6","Klasse B","Zentralheizung","Öl"
"Wohnen und arbeiten mit Aussicht! - FALC Immobilien...","https://www.immonet.de/angebot/45035308","1.250.000 €","236 m²","612 m²","74245 Löwenstein
Auf Karte anzeigen","2008","6","Klasse B","Zentralheizung","Öl"
"Darf es etwas mehr sein? +Außergewöhnliches Haus in...","https://www.immonet.de/angebot/45190976","599.999 €","200 m²","246 m²","74245 Löwenstein
Auf Karte anzeigen","1967","6.5","Klasse C","Zentralheizung","Öl"
"Wieder verfügbar! Exklusives Einfamilienhaus mit Einli...","https://www.immonet.de/angebot/45337389","850.000 €","247 m²","530 m²","74245 Löwenstein
Auf Karte anzeigen","2017","6","Klasse A+","","Luft-/Wasserwärme"
"Ruhig gelegenes Einfamilienhaus mit Einliegerwohnung...","https://www.immonet.de/angebot/45265695","610.000 €","216 m²","515 m²","74343 Sachsenheim
Auf Karte anzeigen","1974","8","Klasse H","Zentralheizung","Öl"
"2 Wohngebäude und Nebengebäude - Kirchardt Berwangen","https://www.immonet.de/angebot/44986763","395.000 €","240 m²","","74912 Kirchardt
Auf Karte anzeigen","1991","","","","Strom"
"NEU ReWoGi ® aktuell - Obersulm - Charmantes Altbau Juwel...","https://www.immonet.de/angebot/45637169","679.000 €","110 m²","1,409 m²","74182 Obersulm
Auf Karte anzeigen","1932","5","","",""
"Stadthaus in Grenzbauweise","https://www.immonet.de/angebot/45275727","295.000 €","135 m²","90 m²","74229 Oedheim
Auf Karte anzeigen","1916","5","Klasse G","Zentralheizung","Öl"
"Freistehendes Einfamilienhaus in Traumlage - sonnig,...","https://www.immonet.de/angebot/45223268","1.150.000 €","168 m²","493 m²","74379 Ingersheim
Auf Karte anzeigen","1963","5.5","","","Luft-/Wasserwärme"
"XXL-Anwesen, MFH, drei Wohnungen, Dachausbau, ca. 1000...","https://www.immonet.de/angebot/44254913","1.890.000 €","230 m²","1,000 m²","74321 Bietigheim-Bissingen
Auf Karte anzeigen","1910","11","","Zentralheizung","Gas"
"NEU Moderne Doppelhaushälfte in ruhiger Lage von Oedheim","https://www.immonet.de/angebot/45607298","469.000 €","117 m²","200 m²","74229 Oedheim
Auf Karte anzeigen","1978","5","Klasse F","Zentralheizung","Gas"
"NEU Charmantes Mittelhaus in Ingersheim","https://www.immonet.de/angebot/45631625","530.000 €","115 m²","232 m²","74379 Ingersheim
Auf Karte anzeigen","1850","4","Klasse E","Zentralheizung","Gas"
"Moderne DHH in zentraler Lage","https://www.immonet.de/angebot/42213955","878.000 €","122 m²","217 m²","74321 Bietigheim-Bissingen
Auf Karte anzeigen","2023","5","","","Fernwärme"
"Das Haus am Schloss - FALC Immobilien Heilbronn","https://www.immonet.de/angebot/45456477","700.000 €","167 m²","385 m²","74906 Bad Rappenau
Auf Karte anzeigen","2022","7.5","Klasse A+","","Strom"
"NEU Wohngenuss mit Liebe zum Detail","https://www.immonet.de/angebot/45619711","720.000 €","170 m²","440 m²","74912 Kirchardt
Auf Karte anzeigen","1994","5","Klasse D","Zentralheizung","Gas"
"Modernes Reiheneckhaus mit Atelier und zwei Dachterra...","https://www.immonet.de/angebot/45535923","649.000 €","118 m²","168 m²","74321 Bietigheim-Bissingen
Auf Karte anzeigen","2006","4","Klasse B","","Fernwärme"
"Das Haus am Hang - Mit viel Sonne und noch mehr Grün","https://www.immonet.de/angebot/44833811","545.000 €","168 m²","770 m²","71711 Steinheim
Auf Karte anzeigen","1966","7.5","Klasse G","Zentralheizung","Öl, Strom"
"NEU Mit Liebe renoviertes Eigenheim - einziehen und wohlfü...","https://www.immonet.de/angebot/45619868","438.000 €","226 m²","632 m²","Waldbacher Str 13
74626 Bretzfeld
Auf Karte anzeigen","1897","5","","Zentralheizung","Öl"
"WEITBLICK: Charmanter Altbau sucht Handwerker!","https://www.immonet.de/angebot/44943652","195.000 €","105 m²","62 m²","71711 Steinheim
Auf Karte anzeigen","","4.5","","Ofenheizung",""
"Die Alternative zum Haus - Extravagant Wohnen mit...","https://www.immonet.de/angebot/45464461","599.000 €","184 m²","","74343 Sachsenheim
Auf Karte anzeigen","1971","","Klasse D","Zentralheizung","Öl"
"*Neubau-Info am Sonntag den 10.10.21 von 11:00-12:00...","https://www.immonet.de/angebot/45432481","674.500 €","131 m²","269 m²","74343 Sachsenheim
Auf Karte anzeigen","2021","4.5","","",""
"Traumhaus mit Dachterrasse und Garten *Neubau-Infos am...","https://www.immonet.de/angebot/45518141","674.500 €","131 m²","269 m²","74343 Sachsenheim
Auf Karte anzeigen","2021","4.5","","",""
"Zweifamilienhaus mit Doppelgarage in Sachsenheim","https://www.immonet.de/angebot/44906775","314.000 €","199 m²","522 m²","74343 Sachsenheim
Auf Karte anzeigen","","","","Zentralheizung","Öl"
"Kapitalanleger aufgepasst!!","https://www.immonet.de/angebot/44995365","1.690.000 €","356 m²","619 m²","74321 Bietigheim-Bissingen
Auf Karte anzeigen","1964","14","Klasse F","Zentralheizung","Gas"
"SCHICK IM HOLZGEWANDT","https://www.immonet.de/angebot/45574851","750.000 €","226 m²","626 m²","74626 Bretzfeld
Auf Karte anzeigen","","8","","","Öl"
"VBU Immobilien - Ein Wohntraum für die Familie","https://www.immonet.de/angebot/44720016","965.000 €","322 m²","909 m²","75031 Eppingen
Auf Karte anzeigen","1987","8","Klasse D","","Öl"
"Zentrumsnah und grün: Neuwertiges Reihenmittelhaus mit...","https://www.immonet.de/angebot/44876618","649.500 €","127 m²","154 m²","71726 Benningen
Auf Karte anzeigen","2011","5.5","","Zentralheizung","Gas"
"Eigene Vier-Wände in zweiter Reihe mit Potential -...","https://www.immonet.de/angebot/44968759","450.000 €","87 m²","348 m²","71691 Freiberg
Auf Karte anzeigen","1954","4","Klasse H","","Strom"
"Exklusives Einfamilienhaus","https://www.immonet.de/angebot/42775626","1.295.000 €","330 m²","470 m²","71691 Freiberg
Auf Karte anzeigen","1991","8.5","Klasse E","Zentralheizung","Öl"
"NEU Freist. 2 Familienhaus in bester, sonniger Aussichtsla...","https://www.immonet.de/angebot/45638887","598.000 €","250 m²","630 m²","74196 Neuenstadt
Auf Karte anzeigen","1965","9","Klasse E","","Gas"
"Ihr Häuschen auf dem Lande - FALC Immobilien Öhringen","https://www.immonet.de/angebot/44886398","370.000 €","140 m²","359 m²","74626 Bretzfeld
Auf Karte anzeigen","","5.5","Klasse E","Zentralheizung","Öl"
"***Bungalow mit sehr viel Charme in traumhafter Lage**...","https://www.immonet.de/angebot/45582767","630.000 €","170 m²","988 m²","74906 Bad Rappenau
Auf Karte anzeigen","1965","6","Klasse H","Zentralheizung","Öl"
"NEU ""Rarität"" Zweifamilienhaus in herrlicher Ortsrandlage","https://www.immonet.de/angebot/45613564","1.100.000 €","184 m²","1,035 m²","74196 Neuenstadt
Auf Karte anzeigen","1992","6","Klasse C","","Öl"
"Aus ALT wurde NEU - Kernsaniertes 2-Familien-Haus ...","https://www.immonet.de/angebot/45362264","765.000 €","123 m²","214 m²","71726 Benningen
Auf Karte anzeigen","1967","6","Klasse D","Zentralheizung","Gas"
"VBU Immobilien - Schöner Wohnen geht so!","https://www.immonet.de/angebot/45561892","1.950.000 €","435 m²","1,470 m²","75031 Eppingen
Auf Karte anzeigen","1996","8.5","Klasse B","","Gas"
"W.O.hnfühlen in Bissingen","https://www.immonet.de/angebot/44413517","908.100 €","160 m²","308 m²","74321 Bietigheim-Bissingen
Auf Karte anzeigen","","","","","Luft-/Wasserwärme"
"Handwerkerhäuschen mit Scheune und Lager in 74906...","https://www.immonet.de/angebot/45169912","159.000 €","70 m²","437 m²","74906 Bad Rappenau
Auf Karte anzeigen","1820","2","","Ofenheizung",""
"Freistehendes Zweifamilienhaus mit großzügigem Garten...","https://www.immonet.de/angebot/44855666","1.100.000 €","264 m²","535 m²","71691 Freiberg
Auf Karte anzeigen","1977","8","Klasse E","Zentralheizung","Öl"
"Doppelhäuser in BEST-LAGE","https://www.immonet.de/angebot/45366531","559.900 €","178 m²","215 m²","Höhenweg
74906 Bad Rappenau
Auf Karte anzeigen","2021","6.5","Klasse A+","","Luft-/Wasserwärme"
"RESERVIERT: Zweifamilienhaus mit ehemaliger Werkstatt...","https://www.immonet.de/angebot/43669512","400.000 €","163 m²","729 m²","75031 Eppingen
Auf Karte anzeigen","1964","5","","Zentralheizung","Öl"
"Ab sofort bezugsfrei: Rarität in Freiberg am Neckar -...","https://www.immonet.de/angebot/45474348","490.000 €","85 m²","164 m²","71691 Freiberg
Auf Karte anzeigen","1600","2.5","","Zentralheizung","Gas"
"NEU Grosszügiges Einfamilienhaus im Grünen, Südhanglage","https://www.immonet.de/angebot/45595313","1.200.000 €","280 m²","730 m²","74196 Neuenstadt
Auf Karte anzeigen","1982","10","","","Gas"
"Geräumige Doppelhaushälfte mit Scheune u. Hof, ca. 133...","https://www.immonet.de/angebot/45511316","229.000 €","133 m²","219 m²","75031 Eppingen
Auf Karte anzeigen","1904","4","Klasse H","Ofenheizung","Holz"
"charmantes Haus mit 120 m² Wohnfläche","https://www.immonet.de/angebot/45554656","298.000 €","120 m²","321 m²","71665 Vaihingen
Auf Karte anzeigen","","6","Klasse F","","Holz, Strom"
"STILVOLL BIS INS DETAIL","https://www.immonet.de/angebot/45450395","","205 m²","1,539 m²","74196 Neuenstadt
Auf Karte anzeigen","","5","","","Öl"
"BÄRENTÜRMLE","https://www.immonet.de/angebot/45541215","270.000 €","68 m²","77 m²","71665 Vaihingen
Auf Karte anzeigen","1909","3","","Zentralheizung","Öl"
"In herrlicher Randlage, großes Ein- bis Zweifamilienh...","https://www.immonet.de/angebot/45567458","570.000 €","167 m²","910 m²","Fliederstraße x
74906 Bad Rappenau
Auf Karte anzeigen","1968","7","Klasse F","Zentralheizung","Öl"
"#willkommendaheim | Dreifamilienhaus ruhiger Ortskernl...","https://www.immonet.de/angebot/45334821","690.000 €","211 m²","250 m²","74372 Sersheim
Auf Karte anzeigen","1990","9","Klasse D","Etagenheizung","Gas"
"NEU *Zentrales MFH* 4 Familienhaus mit großem Gartenberei...","https://www.immonet.de/angebot/45607540","1.100.000 €","330 m²","850 m²","71672 Marbach
Auf Karte anzeigen","1961","11.5","","Zentralheizung","Öl"
"WohlfühlHAUS","https://www.immonet.de/angebot/45437118","794.850 €","210 m²","540 m²","75031 Eppingen
Auf Karte anzeigen","2014","5.5","Klasse A+","","Luft-/Wasserwärme"
"NEU Geräumiges Einfamilienhaus mit Terrasse, Garten und...","https://www.immonet.de/angebot/45592369","439.000 €","129 m²","1,200 m²","74196 Neuenstadt
Auf Karte anzeigen","1900","5","Klasse H","Zentralheizung","Gas"
"Älteres 1 Familienhaus","https://www.immonet.de/angebot/44750566","220.000 €","100 m²","240 m²","74374 Zaberfeld
Auf Karte anzeigen","1950","3","","Zentralheizung","Flüssiggas, Gas"
"NEU Wohnen im Einklang mit der Natur und sich selbst: Lich...","https://www.immonet.de/angebot/45588924","1.399.000 €","312 m²","752 m²","74889 Sinsheim
Auf Karte anzeigen","2005","8","Klasse A","Zentralheizung","Öl"
"Erstklassig renoviertes Eigenheim - einziehen und wohl...","https://www.immonet.de/angebot/45494127","695.000 €","240 m²","538 m²","74374 Zaberfeld
Auf Karte anzeigen","","8","","Zentralheizung","Holz, Öl, Solar"
"Mietkauf optional. Ohne Eigenkapital und Altschulden....","https://www.immonet.de/angebot/45580538","228.000 €","112 m²","850 m²","74243 Langenbrettach
Auf Karte anzeigen","","4","","",""
"Perfektes Traumhaus mit großem Garten und Garage in...","https://www.immonet.de/angebot/45425951","795.000 €","160 m²","170 m²","71729 Erdmannhausen
Auf Karte anzeigen","1978","6.5","Klasse B","Zentralheizung","Gas"
"NEU ##NUR NOCH EIN HÄUSLE MIT GARTEN-FAMILIENFREUNDLICH-LÄ...","https://www.immonet.de/angebot/45604667","680.000 €","130 m²","260 m²","71706 Markgröningen
Auf Karte anzeigen","2022","6","","",""
"Individuell, großräumiges und helles 1-2 F-Haus mit...","https://www.immonet.de/angebot/45556771","846.000 €","180 m²","342 m²","71732 Tamm
Auf Karte anzeigen","1980","7","Klasse H","Zentralheizung","Strom"
"Zwei auf einen Schlag! - FALC Immobilien Heilbronn","https://www.immonet.de/angebot/44866387","1.400.000 €","523 m²","594 m²","74855 Haßmersheim
Auf Karte anzeigen","2004","12","Klasse B","Zentralheizung","Gas"
"NEU RANDLAGE FÜR GENIEßER","https://www.immonet.de/angebot/45614743","425.000 €","150 m²","419 m²","74861 Neudenau
Auf Karte anzeigen","","5","","",""
"Individueller Charme pur: Freistehendes Einfamilienhau...","https://www.immonet.de/angebot/44020202","695.000 €","221 m²","658 m²","74889 Sinsheim
Auf Karte anzeigen","1786","7","Klasse D","Ofenheizung","Pellets, Solar"
"NEU Sonderaktion Herbst-Special, inklusive Kaminofen oder...","https://www.immonet.de/angebot/45628986","415.000 €","142 m²","600 m²","71579 Spiegelberg
Auf Karte anzeigen","","5","","","Gas"
"Reihenweise Wohnfreude in Langenbrettach-Langenbeuting...","https://www.immonet.de/angebot/45446218","519.800 €","151 m²","221 m²","74243 Langenbrettach
Auf Karte anzeigen","2021","5","","","Luft-/Wasserwärme, Strom"
"Reihenweise Wohnfreude in Langenbrettach-Langenbeuting...","https://www.immonet.de/angebot/45446233","461.970 €","151 m²","175 m²","74243 Langenbrettach
Auf Karte anzeigen","2021","5","","","Luft-/Wasserwärme, Strom"
"Reihenweise Wohnfreude in Langenbrettach-Langenbeuting...","https://www.immonet.de/angebot/45446238","468.410 €","148 m²","190 m²","74243 Langenbrettach
Auf Karte anzeigen","2021","5","","","Luft-/Wasserwärme, Strom"
"Wohnen wo andere Urlaub machen! Mehrfamilienhaus mit...","https://www.immonet.de/angebot/45414481","449.000 €","264 m²","437 m²","74855 Haßmersheim
Auf Karte anzeigen","1953","11","Klasse F","Zentralheizung","Öl"
"Traumimmobilie für leidenschaftliche Handwerker","https://www.immonet.de/angebot/45508326","495.000 €","90 m²","522 m²","71665 Vaihingen
Auf Karte anzeigen","1963","5","","Zentralheizung","Öl"
"Einfamilienhaus mit Einliegerwohnung in 74889 Sinsheim...","https://www.immonet.de/angebot/45406739","210.000 €","143 m²","706 m²","74889 Sinsheim
Auf Karte anzeigen","1900","","","",""
"Einfamilienhaus mit Garage in Sinsheim","https://www.immonet.de/angebot/45550330","210.000 €","143 m²","706 m²","74889 Sinsheim
Auf Karte anzeigen","","","","",""
"NEU Großzügiges 2-Familienhaus in Vaihingen/Enz +Kleingla...","https://www.immonet.de/angebot/45592466","574.000 €","190 m²","480 m²","71665 Vaihingen
Auf Karte anzeigen","1956","8","Klasse G","","Öl"
"NEU Dreifamilienhaus mit Blick ins Grüne","https://www.immonet.de/angebot/45634863","1.190.000 €","300 m²","744 m²","71642 Ludwigsburg
Auf Karte anzeigen","1963","11","Klasse E","Zentralheizung","Gas"
"NEU Zwangsversteigerung Haus, Hohenlohestraße in Bretzfeld","https://www.immonet.de/angebot/45625302","154.000 €","194 m²","8,623 m²","74626 Bretzfeld
Auf Karte anzeigen","","3","","",""
"Anwesen in 74626 Bretzfeld, Hohenlohestr.","https://www.immonet.de/angebot/45156234","154.000 €","8,623 m²","8,623 m²","74626 Bretzfeld
Auf Karte anzeigen","1953","","","",""
"Wohnhaus mit Scheune und Grünland","https://www.immonet.de/angebot/45495449","153.000 €","120 m²","3,574 m²","74626 Bretzfeld
Auf Karte anzeigen","1953","","","Zentralheizung","Gas"
"Zwei Häuser für einen Preis !","https://www.immonet.de/angebot/45343627","3.100.000 €","643 m²","1,863 m²","71642 Ludwigsburg
Auf Karte anzeigen","1973","28","Klasse G","Zentralheizung","Gas, Öl"
"Zwei Häuser für einen Preis !","https://www.immonet.de/angebot/45467605","3.100.000 €","643 m²","1,863 m²","71642 Ludwigsburg
Auf Karte anzeigen","1926","28","Klasse G","Zentralheizung","Gas, Öl"
"Historisches Anwesen! Großes Wohnhaus und alte Scheune...","https://www.immonet.de/angebot/45543316","1.500.000 €","339 m²","768 m²","Lechtstraße 30
71642 Ludwigsburg
Auf Karte anzeigen","1907","11","","Zentralheizung","Gas"
"Einfamilienhaus in ruhiger Aussichtslage | mit Sauna,...","https://www.immonet.de/angebot/45437319","395.000 €","184 m²","784 m²","74861 Neudenau
Auf Karte anzeigen","1972","6","Klasse G","Etagenheizung","Strom"
"* Reines Ausbauhaus * Großzügig & hell mit Büro *","https://www.immonet.de/angebot/45395896","379.000 €","181 m²","426 m²","74855 Haßmersheim
Auf Karte anzeigen","2022","6","","",""
"Kapitalanleger/Projektentwickler! Großes, ausbaufähige...","https://www.immonet.de/angebot/45479182","1.100.000 €","305 m²","592 m²","71642 Ludwigsburg
Auf Karte anzeigen","1800","12","","","Gas"
"NEU Ihr neues W.O.hnfühlhaus","https://www.immonet.de/angebot/45602615","776.200 €","154 m²","336 m²","71739 Oberriexingen
Auf Karte anzeigen","","5","","","Luft-/Wasserwärme"
"DER GENERATIONENTRAUM! Zweifamilienhaus und Einfamil...","https://www.immonet.de/angebot/45313106","949.000 €","397 m²","486 m²","71739 Oberriexingen
Auf Karte anzeigen","1765","15","Klasse H","Zentralheizung","Pellets, Holz"
"Saniertes EFH mit 550 m² Fläche und ca. 896 m² Grundst...","https://www.immonet.de/angebot/43263104","1.950.000 €","400 m²","896 m²","71634 Ludwigsburg
Auf Karte anzeigen","1958","16","","Zentralheizung","Öl"
"Interessantes Reihenmittelhaus!","https://www.immonet.de/angebot/45349082","750.000 €","128 m²","223 m²","71665 Vaihingen
Auf Karte anzeigen","2010","5","Klasse B","Zentralheizung","Gas"
"NEU Sofort frei: Doppelhaushälfte mit 2 Wohnungen in Topla...","https://www.immonet.de/angebot/45630096","885.000 €","160 m²","290 m²","71679 Asperg
Auf Karte anzeigen","1957","7","Klasse G","Zentralheizung","Gas"
"Einfamilienhaus in Randlage mit Ausbaureserve und viel...","https://www.immonet.de/angebot/45462928","892.000 €","278 m²","1,750 m²","74924 Neckarbischofsheim
Auf Karte anzeigen","2006","6.5","Klasse B","","Solar, Strom"
"massives KfW 55 Energiesparhaus mit Grundstück","https://www.immonet.de/angebot/44777903","675.400 €","146 m²","600 m²","74889 Sinsheim
Auf Karte anzeigen","2021","7","","","Luft-/Wasserwärme, Strom"
"Neuwertiges und hochwertig ausgestattes Haus mit Dacht...","https://www.immonet.de/angebot/45519586","770.000 €","143 m²","113 m²","71642 Ludwigsburg
Auf Karte anzeigen","2014","4.5","","Zentralheizung","Pellets"
"Haus in 71642 Ludwigsburg, St.-Georg-Str.","https://www.immonet.de/angebot/45517810","408.000 €","175 m²","312 m²","","","","","",""