"house_name","house_url","house_price","house_rooms","house_living_area","house_tot_area","house_address","house_construction_year","house_energy_class","house_heating","house_energy_sources"
"NEU Ruhiges,solides Wohnen","https://www.immonet.de/angebot/45759610","589.000 €","6","136 m²","617 m²","Spechtweg
74078 Heilbronn
Auf Karte anzeigen","1975","Klasse E","Zentralheizung","Öl"
"NEU Traumhaftes Reiheneckhaus mit Wintergarten und großem...","https://www.immonet.de/angebot/45764811","625.000 €","5","128 m²","991 m²","Steinhaldestr. 29
74078 Heilbronn
Auf Karte anzeigen","1971","Klasse F","Zentralheizung","Gas, Solar"
"Zweifamilienhaus in 74078 Heilbronn, Unterlandstr.","https://www.immonet.de/angebot/45740814","180.000 €","","589 m²","589 m²","74078 Heilbronn
Auf Karte anzeigen","","","",""
"NEU Mehrfamilienhaus in 74078 Heilbronn (Biberach)","https://www.immonet.de/angebot/45795333","180.000 €","","","","74078 Heilbronn
Auf Karte anzeigen","","","",""
"Doppelhaushälfte im unfertigen Bauzustand in Heilbronn","https://www.immonet.de/angebot/45550973","275.000 €","","125 m²","249 m²","74074 Heilbronn
Auf Karte anzeigen","1946","","",""
"Einziehen und Wohlfühlen - Schönes Einfamilienhaus nur...","https://www.immonet.de/angebot/45741799","365.000 €","3","95 m²","600 m²","74078 Heilbronn
Auf Karte anzeigen","1955","Klasse H","Zentralheizung","Gas"
"NEU RENDITE ODER GROßFAMILIENHAUS","https://www.immonet.de/angebot/45749885","379.000 €","8","160 m²","171 m²","74081 Heilbronn
Auf Karte anzeigen","","","",""
"NEU Schnuckelige DHH nahe Gesundbrunnen","https://www.immonet.de/angebot/45782918","420.000 €","5","81 m²","168 m²","74078 Heilbronn
Auf Karte anzeigen","1932","Klasse H","Zentralheizung","Gas"
"Wohnschatz mit viel Platz! - FALC Immobilien Heilbronn","https://www.immonet.de/angebot/45196519","449.000 €","9","168 m²","177 m²","74080 Heilbronn
Auf Karte anzeigen","1906","Klasse F","Zentralheizung","Gas"
"Familienheim mit Potenzial","https://www.immonet.de/angebot/45619677","479.000 €","8","165 m²","321 m²","74078 Heilbronn
Auf Karte anzeigen","1902","Klasse H","Zentralheizung","Gas"
"TWO IN ONE FÜR DEN FLEIßIGEN HANDWERKER","https://www.immonet.de/angebot/45703356","479.000 €","8","170 m²","150 m²","74080 Heilbronn
Auf Karte anzeigen","","","",""
"Neuwertiges Einfamilienhaus mit Einliegerwohnung","https://www.immonet.de/angebot/45658129","520.000 €","5","140 m²","124 m²","74078 Heilbronn
Auf Karte anzeigen","1896","Klasse F","Zentralheizung",""
"Leerstehendes Einfamilienhaus mit Garten, Terrasse,...","https://www.immonet.de/angebot/45702648","529.000 €","6","108 m²","406 m²","74074 Heilbronn
Auf Karte anzeigen","1951","Klasse H","Zentralheizung","Gas"
"Wohn- und Geschäftshaus","https://www.immonet.de/angebot/45619720","550.000 €","2","150 m²","160 m²","74081 Heilbronn
Auf Karte anzeigen","1875","Klasse G","Etagenheizung","Gas"
"Lichtdurchflutete Doppelhaushälfte in Heilbronn-Kirchh...","https://www.immonet.de/angebot/45619579","598.000 €","","130 m²","","74078 Heilbronn
Auf Karte anzeigen","2021","","",""
"Großzügige Doppelhaushälfte in Heilbronn-Kirchhausen...","https://www.immonet.de/angebot/45619583","598.000 €","","130 m²","","74078 Heilbronn
Auf Karte anzeigen","2021","","",""
"Aus ALT mach NEU!!! - FALC Immobilien Heilbronn","https://www.immonet.de/angebot/45516609","599.000 €","9","175 m²","101 m²","74076 Heilbronn
Auf Karte anzeigen","1950","Klasse G","","Strom"
"##STATT WOHNUNG MIT BALKON -FAMILIENSTADTHAUS MIT GART...","https://www.immonet.de/angebot/45714060","630.000 €","6","130 m²","200 m²","74078 Heilbronn
Auf Karte anzeigen","","","",""
"##STATT WOHNUNG MIT BALKON -FAMILIENSTADTHAUS MIT GART...","https://www.immonet.de/angebot/45684732","645.000 €","6","130 m²","210 m²","74078 Heilbronn
Auf Karte anzeigen","","","",""
"NEU Nehmen Sie Platz auf Ihrer Sonnenterrasse in Ihrem...","https://www.immonet.de/angebot/45800967","685.000 €","8","210 m²","656 m²","74078 Heilbronn
Auf Karte anzeigen","1986","","Zentralheizung","Gas"
"NEU Stilvoll saniertes Einfamilienhaus in ruhiger Wohnlage","https://www.immonet.de/angebot/45759404","689.000 €","5","125 m²","476 m²","74078 Heilbronn
Auf Karte anzeigen","1960","Klasse D","Zentralheizung","Gas"
"Wohn- und Geschäftshaus in der Heilbronn-Innenstadt zu...","https://www.immonet.de/angebot/42838672","749.000 €","5","98 m²","94 m²","Siebeneichgasse 5
74072 Heilbronn
Auf Karte anzeigen","1959","Klasse E","Zentralheizung","Gas"
"Ihr neues Zuhause am Neckar - FALC Immobilien Heilbron...","https://www.immonet.de/angebot/44711949","980.000 €","10","308 m²","500 m²","74078 Heilbronn
Auf Karte anzeigen","1935","Klasse F","Zentralheizung","Gas"
"60.000 Euro Mieteinnahme/Jahr! Kapitalanleger aufgepas...","https://www.immonet.de/angebot/45264895","1.400.000 €","14","427 m²","169 m²","74080 Heilbronn
Auf Karte anzeigen","1950","","Zentralheizung","Gas"
"Wohnen mit hohem Anspruch trifft auf Bestlage mit trau...","https://www.immonet.de/angebot/45543591","1.690.000 €","9","365 m²","683 m²","74076 Heilbronn
Auf Karte anzeigen","1972","Klasse B","Zentralheizung","Gas"
"Heilbronn-Ost - 3-Familienhaus in Pfühlpark-Nähe","https://www.immonet.de/angebot/45630767","1.850.000 €","12","320 m²","1,060 m²","74074 Heilbronn
Auf Karte anzeigen","1963","","Zentralheizung","Öl"
"Im Herzen von Heilbronn!","https://www.immonet.de/angebot/44686593","6.800.000 €","","1,366 m²","1,201 m²","74074 Heilbronn
Auf Karte anzeigen","1991","Klasse G","Zentralheizung","Gas"
"Wohnkomfort in ruhiger Lage","https://www.immonet.de/angebot/45254386","680.000 €","4.5","127 m²","433 m²","74223 Flein
Auf Karte anzeigen","1971","Klasse G","","Öl"
"NEU Doppelhaushälfte in ruhiger Wohnlage von Nordheim","https://www.immonet.de/angebot/45762788","375.000 €","4","99 m²","289 m²","Königsberger Str. 7
74226 Nordheim
Auf Karte anzeigen","1963","Klasse H","Ofenheizung","Gas"
"Haus mit großem Potential","https://www.immonet.de/angebot/45578066","750.000 €","8","159 m²","579 m²","74223 Flein
Auf Karte anzeigen","1961","Klasse G","Zentralheizung","Gas"
"Stilvolles und gepflegtes Mehrfamilienhaus - 9-Zimmer-...","https://www.immonet.de/angebot/45698889","430.000 €","9","137 m²","136 m²","74226 Nordheim
Auf Karte anzeigen","1910","","Etagenheizung","Gas"
"VBU Immobilien - Modernes Wohnen in Nordheim","https://www.immonet.de/angebot/45578181","879.000 €","6","212 m²","451 m²","74226 Nordheim
Auf Karte anzeigen","2016","Klasse A+","","Strom"
"Kapitalanleger aufgepasst - vermietetes Wohnhaus, aus...","https://www.immonet.de/angebot/45524600","399.000 €","3","221 m²","487 m²","74388 Talheim
Auf Karte anzeigen","1600","","Zentralheizung","Gas"
"MEHRFAMILIEN HAUS BIETET MEHR MÖGLICHKEITEN mit ca....","https://www.immonet.de/angebot/44381500","720.000 €","10","330 m²","368 m²","74348 Lauffen
Auf Karte anzeigen","1927","","Zentralheizung","Gas"
"NEU Exclusiv - Modern - Einzigartig. Für die Familie!","https://www.immonet.de/angebot/45777685","890.000 €","5","152 m²","626 m²","74348 Lauffen
Auf Karte anzeigen","1974","Klasse D","Zentralheizung","Fernwärme, Gas"
"++ Ökologisches EFH in absolut ruhiger Aussichtslage...","https://www.immonet.de/angebot/45724218","985.000 €","5","233 m²","700 m²","74360 Ilsfeld
Auf Karte anzeigen","1994","Klasse C","Zentralheizung","Gas"
"Zweifamilienhaus mit 152 m² Wohnfläche, Garagen sowie...","https://www.immonet.de/angebot/45720056","699.000 €","7","152 m²","800 m²","74360 Ilsfeld
Auf Karte anzeigen","1961","Klasse D","Ofenheizung","Strom"
"Einfamilienhaus mit Einliegerwohnung und Garage / Whir...","https://www.immonet.de/angebot/45072258","475.000 €","4","118 m²","110 m²","Badener Str
74211 Leingarten
Auf Karte anzeigen","","","",""
"VBU Immobilien - Neu und individuell! Wohnen und Arbei...","https://www.immonet.de/angebot/45317486","659.000 €","5","120 m²","322 m²","74336 Brackenheim
Auf Karte anzeigen","2020","Klasse C","","Öl"
"Großzügige Doppelhaushälfte im Herzen von Kirchheim am...","https://www.immonet.de/angebot/44954447","450.000 €","7","168 m²","340 m²","74366 Kirchheim
Auf Karte anzeigen","1895","Klasse H","Ofenheizung","Holz, Kohle, Öl"
"NEU Viele Räume für große Träume! - FALC Immobilien Heilbr...","https://www.immonet.de/angebot/45782586","780.000 €","9.5","286 m²","540 m²","74199 Untergruppenbach
Auf Karte anzeigen","1991","Klasse D","Zentralheizung","Öl"
"REH Acolon - mit einem Garten und Dachterrasse *Neubau...","https://www.immonet.de/angebot/45738022","679.900 €","4.5","133 m²","186 m²","Hauptstraße 8
74366 Kirchheim
Auf Karte anzeigen","","","",""
"RMH Pinot - Eigenheim mit Garten und Dachterrasse *Neu...","https://www.immonet.de/angebot/45738023","599.900 €","4.5","115 m²","160 m²","Hauptstraße 8
74366 Kirchheim
Auf Karte anzeigen","","","",""
"RMH Pinot - Ihr Traum vom Eigenheim wird wahr! *Neubau...","https://www.immonet.de/angebot/45738024","609.900 €","4.5","115 m²","136 m²","Hauptstraße 8
74366 Kirchheim
Auf Karte anzeigen","","","",""
"RMH Pinot - Wunderschönes Haus in inkl. Stellplatz...","https://www.immonet.de/angebot/45738027","599.900 €","4.5","115 m²","165 m²","Hauptstraße 8
74366 Kirchheim
Auf Karte anzeigen","","","",""
"REH Acolon - inkl. Stellplatz, mit Garten und Dachterr...","https://www.immonet.de/angebot/45738028","679.900 €","4.5","133 m²","267 m²","Hauptstraße 8
74366 Kirchheim
Auf Karte anzeigen","","","",""
"REH Acolon mit einem großen Garten *Neubau-Infos am...","https://www.immonet.de/angebot/45738030","699.900 €","4.5","133 m²","238 m²","Hauptstraße 8
74366 Kirchheim
Auf Karte anzeigen","","","",""
"RMH Pinot - Traumhaus in Kirchheim am Neckar *Neubau-I...","https://www.immonet.de/angebot/45738031","609.900 €","4.5","115 m²","137 m²","Hauptstraße 8
74366 Kirchheim
Auf Karte anzeigen","","","",""
"REH Acolon - mit einem Garten und Dachterrasse *Neubau...","https://www.immonet.de/angebot/45738032","689.900 €","4.5","133 m²","323 m²","Hauptstraße 8
74366 Kirchheim
Auf Karte anzeigen","","","",""
"Wohnen im Bachrain - traumhaftes REH in unverbaubarer...","https://www.immonet.de/angebot/45433493","599.500 €","4.5","114 m²","234 m²","74366 Kirchheim
Auf Karte anzeigen","","","",""
"NEU Sonderaktion Herbst-Special, inklusive Kaminofen oder...","https://www.immonet.de/angebot/45769451","467.267 €","6","181 m²","400 m²","74360 Ilsfeld
Auf Karte anzeigen","","","","Gas"
"Handwerker aufgepasst! Einfamilienhaus mit Garten,...","https://www.immonet.de/angebot/45644794","549.000 €","7","264 m²","729 m²","74336 Brackenheim
Auf Karte anzeigen","1974","Klasse H","Zentralheizung","Öl"
"NEU Herrliche Lage an den Weinbergen","https://www.immonet.de/angebot/45762997","830.000 €","7","230 m²","744 m²","74336 Brackenheim
Auf Karte anzeigen","1979","Klasse B","Zentralheizung","Öl"
"Ihr Traum wird wahr - DHH mit sonniger Terrasse *Neu...","https://www.immonet.de/angebot/45571187","764.900 €","6.5","148 m²","300 m²","Wagnerstraße 21
74357 Bönnigheim
Auf Karte anzeigen","","","",""
"Traumhafte DHH in Bönnigheim *Neubau-Info am Samstag...","https://www.immonet.de/angebot/45571188","789.900 €","6.5","148 m²","355 m²","Wagnerstraße 21
74357 Bönnigheim
Auf Karte anzeigen","","","",""
"NEU ** Großes Zweifamilienhaus sucht geschickten Handwerke...","https://www.immonet.de/angebot/45772877","444.000 €","7","235 m²","384 m²","74357 Bönnigheim
Auf Karte anzeigen","1880","Klasse H","Zentralheizung","Gas"
"NEUBAU! Ruhig gelegenes Einfamilienhaus mit Garten in...","https://www.immonet.de/angebot/42473324","694.600 €","5","151 m²","250 m²","74357 Bönnigheim
Auf Karte anzeigen","2022","","",""
"Realisierbare Rendite von über 6%, san.bed. MFH mit...","https://www.immonet.de/angebot/44239853","530.000 €","16","235 m²","551 m²","74357 Bönnigheim
Auf Karte anzeigen","1900","Klasse H","","Öl"
"Familienoase mit großem Grundstück","https://www.immonet.de/angebot/45089724","650.000 €","5.5","145 m²","715 m²","74199 Untergruppenbach
Auf Karte anzeigen","1966","Klasse F","Zentralheizung","Gas"
"+++ Willkommen im eigenen Heim +++","https://www.immonet.de/angebot/45628526","395.000 €","5.5","106 m²","43 m²","74376 Gemmrigheim
Auf Karte anzeigen","1955","Klasse F","Ofenheizung","Öl"
"NEU Exklusives Traumhaus in Bestlage","https://www.immonet.de/angebot/45762998","1.490.000 €","8","204 m²","508 m²","74189 Weinsberg
Auf Karte anzeigen","2020","Klasse A+","","Luft-/Wasserwärme"
"Freistehendes Einfamilienhaus mit sehr großem Grundstü...","https://www.immonet.de/angebot/45314948","845.000 €","7","159 m²","1,202 m²","74193 Schwaigern
Auf Karte anzeigen","1964","Klasse G","Zentralheizung","Gas"
"Reihenhaus mit sonniger Dachterrasse in Bönnigheim.","https://www.immonet.de/angebot/45632678","579.900 €","4.5","133 m²","155 m²","74357 Bönnigheim
Auf Karte anzeigen","2021","","",""
"Reiheneckhaus inkl. Garten und Dachterrasse für Famili...","https://www.immonet.de/angebot/45632679","599.500 €","4.5","133 m²","219 m²","74357 Bönnigheim
Auf Karte anzeigen","2021","","",""
"Mit Sicht über den Stromberg. Reihenhaus in Bönnigheim...","https://www.immonet.de/angebot/44291895","558.200 €","4.5","133 m²","155 m²","Burgstraße 16/1
74357 Bönnigheim
Auf Karte anzeigen","2021","","",""
"DHH in begehrter Lage mit dem gewissen Extra","https://www.immonet.de/angebot/45436019","655.000 €","6","169 m²","187 m²","74172 Neckarsulm
Auf Karte anzeigen","1971","Klasse E","Zentralheizung","Gas"
"NEU Einfamilien-oder Zweifamilienhaus ? Hier ist beides...","https://www.immonet.de/angebot/45759085","949.000 €","8","205 m²","792 m²","74193 Schwaigern
Auf Karte anzeigen","1971","Klasse F","Zentralheizung",""
"EXKLUSIVITÄT TRIFFT MODERNE - Architektenhaus mit Dopp...","https://www.immonet.de/angebot/45732914","1.240.000 €","4.5","221 m²","428 m²","74360 Ilsfeld
Auf Karte anzeigen","2013","Klasse B","","Gas"
"Exklusives Anwesen in Weinsberg ""Uniform ist...","https://www.immonet.de/angebot/45405667","1.090.000 €","8","240 m²","129 m²","Unteres Tor 2
74189 Weinsberg
Auf Karte anzeigen","2016","Klasse B","Zentralheizung","Gas"
"Zwei-Familienhaus mit schönem, großem Garten und 2...","https://www.immonet.de/angebot/45103572","715.000 €","7","176 m²","622 m²","74172 Neckarsulm
Auf Karte anzeigen","1958","Klasse H","Etagenheizung","Gas"
"Vielseitiges Wohnhaus in exzellenter Lage in Neckarsul...","https://www.immonet.de/angebot/45607957","600.000 €","7","115 m²","368 m²","74172 Neckarsulm
Auf Karte anzeigen","1960","","Zentralheizung","Gas"
"NEU Ihr Kapital in einer sicheren Anlage - FALC Immobilien...","https://www.immonet.de/angebot/45781424","1.300.000 €","13","272 m²","173 m²","74232 Abstatt
Auf Karte anzeigen","2002","","","Gas"
"VBU Immobilien - Freuen Sie sich auf die Familiendoppe...","https://www.immonet.de/angebot/45638326","639.000 €","4.5","137 m²","254 m²","74193 Schwaigern
Auf Karte anzeigen","2004","Klasse C","","Öl"
"Sonderaktion Herbst-Special, inklusive Kaminofen oder...","https://www.immonet.de/angebot/45617055","415.000 €","5","142 m²","480 m²","74172 Neckarsulm
Auf Karte anzeigen","","","","Gas"
"Teilungsversteigerung Einfamilienhaus in 74235 Erlenba...","https://www.immonet.de/angebot/45740772","58.000 €","","53 m²","83 m²","74235 Erlenbach
Auf Karte anzeigen","1800","","",""
"Ein- Zweifamilienhaus plus DG","https://www.immonet.de/angebot/45089920","620.000 €","8","211 m²","454 m²","74232 Abstatt
Auf Karte anzeigen","1974","Klasse F","Zentralheizung","Öl"
"Mehrfamilienhaus (3 Wohnungen) in zentraler Lage und...","https://www.immonet.de/angebot/45233926","559.000 €","6","160 m²","110 m²","Frühmeßgasse 8
74172 Neckarsulm
Auf Karte anzeigen","1952","Klasse G","Ofenheizung","Holz, Kohle"
"Herrlich Wohnen in zentraler Lage","https://www.immonet.de/angebot/45092578","795.000 €","11","244 m²","463 m²","74172 Neckarsulm
Auf Karte anzeigen","1928","Klasse C","Zentralheizung","Gas"
"NEU Sonderaktion Herbst-Special, inklusive Kaminofen oder...","https://www.immonet.de/angebot/45769421","390.127 €","5","142 m²","400 m²","74363 Güglingen
Auf Karte anzeigen","","","","Gas"
"NEU Einfamilienhaus in 74235 Erlenbach","https://www.immonet.de/angebot/45794886","58.000 €","","53 m²","","74235 Erlenbach
Auf Karte anzeigen","","","",""
"Gepflegtes Einfamilienhaus in ruhiger Lage von Erlighe...","https://www.immonet.de/angebot/45308414","599.000 €","5.5","165 m²","224 m²","74391 Erligheim
Auf Karte anzeigen","1991","Klasse D","Zentralheizung","Öl"
"TOP gepflegtes Reihenendhaus in moderner Ausstattung ...","https://www.immonet.de/angebot/45439288","579.000 €","5","162 m²","274 m²","74251 Lehrensteinsfeld
Auf Karte anzeigen","1972","Klasse D","Zentralheizung","Öl"
"Haus zum Kauf","https://www.immonet.de/angebot/45680138","670.000 €","6","157 m²","1 m²","74257 Untereisesheim
Auf Karte anzeigen","2002","","Zentralheizung","Gas"
"Für Gartenliebhaber - Gepflegtes Einfamilienhaus in...","https://www.immonet.de/angebot/45734773","1.290.000 €","7","189 m²","1,080 m²","74354 Besigheim
Auf Karte anzeigen","1953","Klasse G","Zentralheizung","Öl"
"Großzügiges Wohnhaus mit Einliegerwohnung, Garten und...","https://www.immonet.de/angebot/45313030","850.000 €","9","237 m²","757 m²","74172 Neckarsulm
Auf Karte anzeigen","1968","Klasse F","Zentralheizung","Gas"
"Herrlich Wohnen in attraktiver Lage","https://www.immonet.de/angebot/45027856","875.000 €","10","256 m²","693 m²","74257 Untereisesheim
Auf Karte anzeigen","1970","Klasse D","Zentralheizung","Öl"
"Einfamilienhaus in 74360 Ilsfeld, Von-Gaisberg-Str.","https://www.immonet.de/angebot/45561287","97.000 €","3","60 m²","150 m²","74360 Ilsfeld
Auf Karte anzeigen","1949","","",""
"Lichtdurchflutete Stadtvilla mit Keller und Garage...","https://www.immonet.de/angebot/45579461","1.189.600 €","6","166 m²","660 m²","74389 Cleebronn
Auf Karte anzeigen","2022","Klasse A+","Zentralheizung",""
"modernes KfW55 Energiesparhaus mit großem Grundstück","https://www.immonet.de/angebot/45072201","887.540 €","7","145 m²","660 m²","74389 Cleebronn
Auf Karte anzeigen","2021","","","Strom"
"NEU Zwangsversteigerung Haus, Von-Gaisberg-Straße in Ilsfe...","https://www.immonet.de/angebot/45777265","97.000 €","3","60 m²","150 m²","74360 Ilsfeld
Auf Karte anzeigen","","","",""
"Zwei-Dreifamilienhaus sucht dringend neue Besitzer in...","https://www.immonet.de/angebot/45518167","850.000 €","9","200 m²","313 m²","74354 Besigheim
Auf Karte anzeigen","1956","Klasse C","Zentralheizung","Öl"
"!!PROVISIONSFREI!! Vielseitig nutzbares Mehrfamilienha...","https://www.immonet.de/angebot/44627150","745.000 €","9","220 m²","516 m²","74257 Untereisesheim
Auf Karte anzeigen","1960","Klasse E","","Gas"
"1 - 2 FAMILIENHAUS MIT BALKON - DACHLOGGIA - 2 SONNENT...","https://www.immonet.de/angebot/45719766","589.000 €","8.5","159 m²","1,209 m²","74199 Untergruppenbach
Auf Karte anzeigen","1963","Klasse G","Zentralheizung","Öl"
"NEU WOHNTRAUM MIT AUSSICHT","https://www.immonet.de/angebot/45757667","840.000 €","7","173 m²","418 m²","74257 Untereisesheim
Auf Karte anzeigen","2005","Klasse C","","Gas"
"Qualität auf allen Ebenen: Vielseitige Villa mit ELW...","https://www.immonet.de/angebot/45039020","1.200.000 €","8","196 m²","1,284 m²","71717 Beilstein
Auf Karte anzeigen","1979","Klasse E","","Öl"
"NEU Hier wartet Ihr Traumhaus auf Sie - in Besigheim","https://www.immonet.de/angebot/45801386","319.000 €","","90 m²","","Bügelestorstraße 10
74354 Besigheim
Auf Karte anzeigen","1998","","","Luft-/Wasserwärme, Gas"
"#willkommendaheim | Haus + 3 Ferienwohnungen","https://www.immonet.de/angebot/45678242","1.290.000 €","9","327 m²","473 m²","74389 Cleebronn
Auf Karte anzeigen","1992","Klasse E","Etagenheizung","Flüssiggas"
"Sofort beziehbares 3-Familienhaus","https://www.immonet.de/angebot/45583146","765.000 €","9","240 m²","368 m²","74395 Mundelsheim
Auf Karte anzeigen","1972","Klasse G","Zentralheizung","Öl"
"NEU Zwangsversteigerung Haus, Kelterstraße in Weinsberg","https://www.immonet.de/angebot/45778386","380.000 €","5","144 m²","655 m²","74189 Weinsberg
Auf Karte anzeigen","","","",""
"Freistehendes Zweifamilienhaus in ruhiger Lage","https://www.immonet.de/angebot/45431063","695.000 €","10","215 m²","573 m²","74354 Besigheim
Auf Karte anzeigen","1962","","Zentralheizung","Öl"
"Schönes Einfamilienhaus mit PKW-Garage in Weinsberg","https://www.immonet.de/angebot/45550980","380.000 €","","144 m²","655 m²","74189 Weinsberg
Auf Karte anzeigen","1976","","",""
"Einfamilienhaus in 74189 Weinsberg, Kelterstr.","https://www.immonet.de/angebot/45555906","380.000 €","","144 m²","655 m²","74189 Weinsberg
Auf Karte anzeigen","1976","","",""
"ZWANGSVERSTEIGERUNG - Stilvolles Einfamilienhaus mit 2...","https://www.immonet.de/angebot/45740964","495.000 €","6.5","144 m²","655 m²","74189 Weinsberg
Auf Karte anzeigen","1976","","Zentralheizung","Öl"
"Raumwunder: Vielseitiger Bungalow mit ca. 105 m² im EG...","https://www.immonet.de/angebot/45555084","530.000 €","4","105 m²","484 m²","74177 Bad Friedrichshall
Auf Karte anzeigen","1974","","Zentralheizung","Gas"
"NEU Einfamilienhaus in 74189 Weinsberg-Gellmersbach","https://www.immonet.de/angebot/45794797","380.000 €","","144 m²","","74189 Weinsberg
Auf Karte anzeigen","","","",""
"NEU Reihenmittelhaus mit Garten","https://www.immonet.de/angebot/45781810","425.000 €","4","79 m²","132 m²","74172 Neckarsulm
Auf Karte anzeigen","1956","Klasse F","","Gas"
"Schönes Anwesen mit großen Räumen und umlaufendem Gart...","https://www.immonet.de/angebot/45663957","1.300.000 €","12.5","357 m²","1,148 m²","74177 Bad Friedrichshall
Auf Karte anzeigen","1983","","","Öl"
"Sonderaktion Herbst-Special, inklusive Kaminofen oder...","https://www.immonet.de/angebot/45735095","850.000 €","8","262 m²","400 m²","71717 Beilstein
Auf Karte anzeigen","","","","Gas"
"NEU Einfamilienhaus Life 12 V1 - klare Raumaufteilung","https://www.immonet.de/angebot/45767314","420.000 €","5","172 m²","400 m²","71717 Beilstein
Auf Karte anzeigen","","","","Gas"
"VBU Immobilien - Viel Raum für Ihre Wohnideen","https://www.immonet.de/angebot/45101381","298.000 €","4.5","125 m²","227 m²","74193 Schwaigern
Auf Karte anzeigen","1900","Klasse H","","Öl"
"NEU Wunderschöne, hochwertige Doppelhaushälfte mit Einlieg...","https://www.immonet.de/angebot/45756348","891.000 €","6","177 m²","278 m²","74177 Bad Friedrichshall
Auf Karte anzeigen","2012","Klasse B","","Gas"
"Großzügiges und komfortables Wohnen in einer gepflegte...","https://www.immonet.de/angebot/45099617","779.000 €","8","175 m²","250 m²","74172 Neckarsulm
Auf Karte anzeigen","2009","Klasse B","","Fernwärme"
"RENDITEOBJEKT! Historische Rarität in der Altstadt von...","https://www.immonet.de/angebot/45640108","2.399.000 €","24","763 m²","305 m²","74206 Bad Wimpfen
Auf Karte anzeigen","1994","","","Gas"
"Modernisiertes Fachwerkhaus mit Gewerbeeinheit im Herz...","https://www.immonet.de/angebot/45691569","470.000 €","8","195 m²","112 m²","74206 Bad Wimpfen
Auf Karte anzeigen","1600","","Zentralheizung","Gas"
"Schönes 2 Familienhaus mit ausgebautem Dachgeschoss ...","https://www.immonet.de/angebot/44578145","650.000 €","8","165 m²","718 m²","74906 Bad Rappenau
Auf Karte anzeigen","1963","Klasse G","Zentralheizung","Öl, Solar"
"Sonniges Familiendomizil: Großes Einfamilienhaus mit...","https://www.immonet.de/angebot/45099549","650.000 €","7.5","190 m²","964 m²","75031 Eppingen
Auf Karte anzeigen","1976","Klasse G","Zentralheizung","Öl"
"DENKMAL-Immobilie: Hier lohnt sich eine steuerbegünsti...","https://www.immonet.de/angebot/41012698","","15","332 m²","370 m²","75031 Eppingen
Auf Karte anzeigen","1502","","",""
"Reiheneckhaus im Zentrum mit Studio und Dachterrasse...","https://www.immonet.de/angebot/45480544","659.988 €","5.5","158 m²","190 m²","74182 Obersulm
Auf Karte anzeigen","","","",""
"Reihenmittelhaus im Zentrum mit Studio und Dachterrass...","https://www.immonet.de/angebot/45481253","645.988 €","5.5","158 m²","160 m²","74182 Obersulm
Auf Karte anzeigen","","","",""
"Luxus und ein ganz besonderer Reiz im Herzen Großbottw...","https://www.immonet.de/angebot/45662747","640.000 €","4","195 m²","100 m²","71723 Großbottwar
Auf Karte anzeigen","2007","","","Strom"
"NEU Sonderaktion Herbst-Special, inklusive Kaminofen oder...","https://www.immonet.de/angebot/45769414","390.127 €","5","142 m²","400 m²","71720 Oberstenfeld
Auf Karte anzeigen","","","","Gas"
"NEU Sonderaktion Herbst-Special, inklusive Kaminofen oder...","https://www.immonet.de/angebot/45769465","467.267 €","6","181 m²","400 m²","71720 Oberstenfeld
Auf Karte anzeigen","","","","Gas"
"Vielseitiges großzügiges Zweifamilienhaus","https://www.immonet.de/angebot/44533735","560.000 €","7","144 m²","511 m²","74182 Obersulm
Auf Karte anzeigen","1966","Klasse C","","Öl"
"Gehobenes Reihenendhaus mit Garten, Terrasse, Winterga...","https://www.immonet.de/angebot/45654883","690.000 €","6","200 m²","245 m²","74172 Neckarsulm
Auf Karte anzeigen","1980","Klasse E","Zentralheizung","Öl"
"Ein Schmuckstück in Bad Wimpfen","https://www.immonet.de/angebot/45660931","649.900 €","8","153 m²","638 m²","74206 Bad Wimpfen
Auf Karte anzeigen","1968","Klasse C","Zentralheizung",""
"Wohntraum der Extraklasse in einem Ein- bis Zweifamili...","https://www.immonet.de/angebot/45318737","1.250.000 €","8","416 m²","837 m²","74397 Pfaffenhofen
Auf Karte anzeigen","1976","Klasse E","Zentralheizung","Öl, Solar"
"Großzügiges, gepflegtes Reihenendhaus mit umliegendem,...","https://www.immonet.de/angebot/45623016","649.000 €","6.5","123 m²","368 m²","74229 Oedheim
Auf Karte anzeigen","1990","Klasse D","Zentralheizung","Gas"
"So groß und famos! - FALC Immobilien Heilbronn","https://www.immonet.de/angebot/45035307","1.250.000 €","6","500 m²","612 m²","74245 Löwenstein
Auf Karte anzeigen","2008","Klasse B","Zentralheizung","Öl"
"Wohnen und arbeiten mit Aussicht! - FALC Immobilien...","https://www.immonet.de/angebot/45035308","1.250.000 €","6","236 m²","612 m²","74245 Löwenstein
Auf Karte anzeigen","2008","Klasse B","Zentralheizung","Öl"
"Darf es etwas mehr sein? +Außergewöhnliches Haus in...","https://www.immonet.de/angebot/45190976","599.999 €","6.5","200 m²","246 m²","74245 Löwenstein
Auf Karte anzeigen","1967","Klasse C","Zentralheizung","Öl"
"Wieder verfügbar! Exklusives Einfamilienhaus mit Einli...","https://www.immonet.de/angebot/45337389","850.000 €","6","247 m²","530 m²","74245 Löwenstein
Auf Karte anzeigen","2017","Klasse A+","","Luft-/Wasserwärme"
"Ruhig gelegenes Einfamilienhaus mit Einliegerwohnung...","https://www.immonet.de/angebot/45265695","610.000 €","8","216 m²","515 m²","74343 Sachsenheim
Auf Karte anzeigen","1974","Klasse H","Zentralheizung","Öl"
"2 Wohngebäude und Nebengebäude - Kirchardt Berwangen","https://www.immonet.de/angebot/44986763","395.000 €","","240 m²","","74912 Kirchardt
Auf Karte anzeigen","1991","","","Strom"
"NEU Mehrfamilienhaus in 74379 Großingersheim","https://www.immonet.de/angebot/45793426","894.000 €","","175 m²","","74379 Ingersheim
Auf Karte anzeigen","","","",""
"Stadthaus in Grenzbauweise","https://www.immonet.de/angebot/45275727","295.000 €","5","135 m²","90 m²","74229 Oedheim
Auf Karte anzeigen","1916","Klasse G","Zentralheizung","Öl"
"XXL-Anwesen, MFH, drei Wohnungen, Dachausbau, ca. 1000...","https://www.immonet.de/angebot/44254913","1.890.000 €","11","230 m²","1,000 m²","74321 Bietigheim-Bissingen
Auf Karte anzeigen","1910","","Zentralheizung","Gas"
"Einfamilienhaus mit Anbaumöglichkeiten","https://www.immonet.de/angebot/45701793","690.000 €","5","115 m²","540 m²","74906 Bad Rappenau
Auf Karte anzeigen","1940","Klasse C","Zentralheizung",""
"Charmantes Mittelhaus in Ingersheim","https://www.immonet.de/angebot/45631625","530.000 €","4","115 m²","232 m²","74379 Ingersheim
Auf Karte anzeigen","1850","Klasse E","Zentralheizung","Gas"
"NEU Zwangsversteigerung Haus, Freiberger Straße in Großing...","https://www.immonet.de/angebot/45778122","894.000 €","4","175 m²","1,300 m²","74379 Ingersheim
Auf Karte anzeigen","","","",""
"Wohnhaus und Gewerbehalle in Großingersheim","https://www.immonet.de/angebot/45611818","894.000 €","","175 m²","1,300 m²","74379 Ingersheim
Auf Karte anzeigen","1983","","Zentralheizung","Flüssiggas"
"Kapitalanleger aufgepasst !! Gepflegtes Mehrfamilienha...","https://www.immonet.de/angebot/45733724","780.000 €","11","216 m²","292 m²","74385 Pleidelsheim
Auf Karte anzeigen","1983","Klasse F","Zentralheizung",""
"Die perfekte Lage für die gesamte Familie","https://www.immonet.de/angebot/45676028","549.000 €","5.5","111 m²","133 m²","74321 Bietigheim-Bissingen
Auf Karte anzeigen","1955","Klasse H","","Gas"
"TOP LAGE freist. Einfamilienhaus in Heinsheim / Bad...","https://www.immonet.de/angebot/43945116","395.000 €","7","200 m²","700 m²","74906 Bad Rappenau
Auf Karte anzeigen","1960","","",""
"Moderne DHH in zentraler Lage","https://www.immonet.de/angebot/42213955","878.000 €","5","122 m²","217 m²","74321 Bietigheim-Bissingen
Auf Karte anzeigen","2023","","","Fernwärme"
"Das Haus am Schloss - FALC Immobilien Heilbronn","https://www.immonet.de/angebot/45456477","700.000 €","7.5","167 m²","385 m²","74906 Bad Rappenau
Auf Karte anzeigen","2022","Klasse A+","","Strom"
"NEU Wohngenuss mit Liebe zum Detail","https://www.immonet.de/angebot/45762958","720.000 €","5","170 m²","440 m²","74912 Kirchardt
Auf Karte anzeigen","1994","Klasse D","Zentralheizung","Gas"
"Das Haus am Hang - Mit viel Sonne und noch mehr Grün","https://www.immonet.de/angebot/44833811","545.000 €","7.5","168 m²","770 m²","71711 Steinheim
Auf Karte anzeigen","1966","Klasse G","Zentralheizung","Öl, Strom"
"Mit Liebe renoviertes Eigenheim - einziehen und wohlfü...","https://www.immonet.de/angebot/45619868","438.000 €","5.5","146 m²","632 m²","Waldbacher Str 13
74626 Bretzfeld
Auf Karte anzeigen","1897","","Zentralheizung","Öl"
"NEU Wunderschönes Einfamilienhaus mit viel Platz und große...","https://www.immonet.de/angebot/45779962","886.000 €","5.5","202 m²","567 m²","74229 Oedheim
Auf Karte anzeigen","2005","","Zentralheizung","Gas"
"WEITBLICK: Charmanter Altbau sucht Handwerker!","https://www.immonet.de/angebot/45673477","195.000 €","4.5","105 m²","62 m²","71711 Steinheim
Auf Karte anzeigen","","Klasse G","Ofenheizung","Kohle"
"Die Alternative zum Haus - Extravagant Wohnen mit...","https://www.immonet.de/angebot/45464461","599.000 €","","184 m²","","74343 Sachsenheim
Auf Karte anzeigen","1971","Klasse D","Zentralheizung","Öl"
"Traumhaus mit Dachterrasse und Garten *Neubau-Infos am...","https://www.immonet.de/angebot/45518141","674.500 €","4.5","131 m²","269 m²","Im Tal 2
74343 Sachsenheim
Auf Karte anzeigen","2021","","",""
"Kapitalanleger aufgepasst!!","https://www.immonet.de/angebot/44995365","1.690.000 €","14","356 m²","619 m²","74321 Bietigheim-Bissingen
Auf Karte anzeigen","1964","Klasse F","Zentralheizung","Gas"
"Großzügiges Wohnen mit Terrasse und Garten - 5 Zi. in...","https://www.immonet.de/angebot/45648262","650.000 €","5","120 m²","800 m²","74343 Sachsenheim
Auf Karte anzeigen","1957","","Zentralheizung","Öl"
"VBU Immobilien - Ein Wohntraum für die Familie","https://www.immonet.de/angebot/44720016","965.000 €","8","322 m²","909 m²","75031 Eppingen
Auf Karte anzeigen","1987","Klasse D","","Öl"
"Einfamilienhaus Life 9 V1 - quadratisch, praktisch,...","https://www.immonet.de/angebot/45651314","368.000 €","6","164 m²","500 m²","74906 Bad Rappenau
Auf Karte anzeigen","","","","Gas"
"NEU Sonderaktion Herbst-Special, inklusive Kaminofen oder...","https://www.immonet.de/angebot/45769362","415.000 €","5","142 m²","480 m²","74906 Bad Rappenau
Auf Karte anzeigen","","","","Gas"
"Zentrumsnah und grün: Neuwertiges Reihenmittelhaus mit...","https://www.immonet.de/angebot/44876618","649.500 €","5.5","127 m²","154 m²","71726 Benningen
Auf Karte anzeigen","2011","","Zentralheizung","Gas"
"Eigene Vier-Wände in zweiter Reihe mit Potential -...","https://www.immonet.de/angebot/44968759","450.000 €","4","87 m²","348 m²","71691 Freiberg
Auf Karte anzeigen","1954","Klasse H","","Strom"
"NEU Exklusives Einfamilienhaus mit Einliegerwohnung","https://www.immonet.de/angebot/45783328","1.149.000 €","8.5","330 m²","470 m²","71691 Freiberg
Auf Karte anzeigen","1991","Klasse E","Zentralheizung","Öl"
"Freist. 2 Familienhaus in bester, sonniger Aussichtsla...","https://www.immonet.de/angebot/45638887","598.000 €","9","250 m²","630 m²","74196 Neuenstadt
Auf Karte anzeigen","1965","Klasse E","","Gas"
"Ihr Häuschen auf dem Lande - FALC Immobilien Öhringen","https://www.immonet.de/angebot/44886398","370.000 €","5.5","140 m²","359 m²","74626 Bretzfeld
Auf Karte anzeigen","","Klasse E","Zentralheizung","Öl"
"""Rarität"" Zweifamilienhaus in herrlicher Ortsrandlage","https://www.immonet.de/angebot/45613564","1.100.000 €","6","184 m²","1,035 m²","74196 Neuenstadt
Auf Karte anzeigen","1992","Klasse C","","Öl"
"Aus ALT wurde NEU - Kernsaniertes 2-Familien-Haus ...","https://www.immonet.de/angebot/45677762","690.000 €","6","123 m²","214 m²","71726 Benningen
Auf Karte anzeigen","1967","Klasse D","Zentralheizung","Gas"
"VBU Immobilien - Schöner Wohnen geht so!","https://www.immonet.de/angebot/45561892","1.950.000 €","8.5","435 m²","1,470 m²","75031 Eppingen
Auf Karte anzeigen","1996","Klasse B","","Gas"
"NEU Großzügig-Modern-Elegant!","https://www.immonet.de/angebot/45779107","766.000 €","","160 m²","187 m²","Jahnstraße 77/1
74321 Bietigheim-Bissingen
Auf Karte anzeigen","","","","Luft-/Wasserwärme"
"Handwerkerhäuschen mit Scheune und Lager in 74906...","https://www.immonet.de/angebot/45169912","159.000 €","2","70 m²","437 m²","74906 Bad Rappenau
Auf Karte anzeigen","1820","","Ofenheizung",""
"Freistehendes Zweifamilienhaus mit großzügigem Garten...","https://www.immonet.de/angebot/45709159","1.100.000 €","8","264 m²","535 m²","71691 Freiberg
Auf Karte anzeigen","1977","Klasse E","Zentralheizung","Öl"
"Doppelhäuser in BEST-LAGE","https://www.immonet.de/angebot/45366531","559.900 €","6.5","178 m²","215 m²","Höhenweg
74906 Bad Rappenau
Auf Karte anzeigen","2021","Klasse A+","","Luft-/Wasserwärme"
"In Qualitätslage von Bissingen - 2-Familienhaus mit...","https://www.immonet.de/angebot/45721323","790.000 €","8","168 m²","680 m²","74321 Bietigheim-Bissingen
Auf Karte anzeigen","1961","Klasse H","Ofenheizung","Öl"
"Zukunftsinvestition mit Ausbaureserve!","https://www.immonet.de/angebot/45684028","780.000 €","7","185 m²","511 m²","74321 Bietigheim-Bissingen
Auf Karte anzeigen","1972","Klasse G","",""
"RESERVIERT: Zweifamilienhaus mit ehemaliger Werkstatt...","https://www.immonet.de/angebot/43669512","400.000 €","5","163 m²","729 m²","75031 Eppingen
Auf Karte anzeigen","1964","","Zentralheizung","Öl"
"Doppelhaus Double 3 - schmales Wohlfühlhaus","https://www.immonet.de/angebot/45735096","375.000 €","4","124 m²","800 m²","74374 Zaberfeld
Auf Karte anzeigen","","","","Gas"
"Grosszügiges Einfamilienhaus im Grünen, Südhanglage","https://www.immonet.de/angebot/45595313","1.200.000 €","10","280 m²","730 m²","74196 Neuenstadt
Auf Karte anzeigen","1982","","","Gas"
"Geräumige Doppelhaushälfte mit Scheune u. Hof, ca. 133...","https://www.immonet.de/angebot/45511316","229.000 €","4","133 m²","219 m²","75031 Eppingen
Auf Karte anzeigen","1904","Klasse H","Ofenheizung","Holz"
"charmantes Haus mit 120 m² Wohnfläche","https://www.immonet.de/angebot/45554656","298.000 €","6","120 m²","321 m²","71665 Vaihingen
Auf Karte anzeigen","","Klasse F","","Holz, Strom"
"BÄRENTÜRMLE","https://www.immonet.de/angebot/45541215","270.000 €","3","68 m²","77 m²","71665 Vaihingen
Auf Karte anzeigen","1909","","Ofenheizung","Öl"
"#willkommendaheim | Dreifamilienhaus ruhiger Ortskernl...","https://www.immonet.de/angebot/45334821","690.000 €","9","211 m²","250 m²","74372 Sersheim
Auf Karte anzeigen","1990","Klasse D","Etagenheizung","Gas"
"*Zentrales MFH* 4 Familienhaus mit großem Gartenberei...","https://www.immonet.de/angebot/45607540","1.100.000 €","11.5","330 m²","850 m²","71672 Marbach
Auf Karte anzeigen","1961","","Zentralheizung","Öl"
"WohlfühlHAUS","https://www.immonet.de/angebot/45437118","794.850 €","5.5","210 m²","540 m²","75031 Eppingen
Auf Karte anzeigen","2014","Klasse A+","","Luft-/Wasserwärme"
"Wohnen im Einklang mit der Natur und sich selbst: Lich...","https://www.immonet.de/angebot/45588924","1.399.000 €","8","312 m²","752 m²","74889 Sinsheim
Auf Karte anzeigen","2005","Klasse A","Zentralheizung","Öl"
"Mietkauf optional. Ohne Eigenkapital und Altschulden....","https://www.immonet.de/angebot/45580538","228.000 €","4","112 m²","850 m²","74243 Langenbrettach
Auf Karte anzeigen","","","",""
"Individuell, großräumiges und helles 1-2 F-Haus mit...","https://www.immonet.de/angebot/45556771","726.000 €","7","180 m²","342 m²","Tübinger Str. 100
71732 Tamm
Auf Karte anzeigen","1980","Klasse H","Zentralheizung","Strom"
"NEU Einfamilienhaus in 74626 Bretzfeld-Bitzfeld","https://www.immonet.de/angebot/45794954","683.000 €","","238 m²","","74626 Bretzfeld
Auf Karte anzeigen","","","",""
"WEITBLICK: Einziehen und wohlfühlen!","https://www.immonet.de/angebot/45665986","595.000 €","5","122 m²","200 m²","71732 Tamm
Auf Karte anzeigen","1973","Klasse E","","Strom"
"Exclusive KfW55 Stadtvilla mit Grundstück in Hardthaus...","https://www.immonet.de/angebot/45673769","564.800 €","6","155 m²","452 m²","74239 Hardthausen
Auf Karte anzeigen","2022","","","Luft-/Wasserwärme, Strom"
"Teil modernisiertes Zweifamilienhaus mit Garten, Winte...","https://www.immonet.de/angebot/45298224","600.000 €","7","188 m²","647 m²","74831 Gundelsheim
Auf Karte anzeigen","1981","","Zentralheizung","Öl"
"Handwerker gesucht! Renovierungsbedürftige Doppelhaush...","https://www.immonet.de/angebot/45722093","365.000 €","6","120 m²","150 m²","71729 Erdmannhausen
Auf Karte anzeigen","1900","","",""
"DHH","https://www.immonet.de/angebot/45561881","460.000 €","4.5","94 m²","258 m²","Ulrichsrain 19/1
71729 Erdmannhausen
Auf Karte anzeigen","1967","","","Gas"
"Zwei auf einen Schlag! - FALC Immobilien Heilbronn","https://www.immonet.de/angebot/44866387","1.400.000 €","12","523 m²","594 m²","74855 Haßmersheim
Auf Karte anzeigen","2004","Klasse B","Zentralheizung","Gas"
"RANDLAGE FÜR GENIEßER","https://www.immonet.de/angebot/45614743","399.999 €","5","169 m²","419 m²","74861 Neudenau
Auf Karte anzeigen","","","",""
"Individueller Charme pur: Freistehendes Einfamilienhau...","https://www.immonet.de/angebot/44020202","695.000 €","7","221 m²","658 m²","","","","",""