"house_name","house_url","house_price","house_rooms","house_living_area","house_tot_area","house_address","house_construction_year","house_energy_class","house_heating","house_energy_sources"
"NEU Jetzt Zugreifen Ihre Gelegenheit!!!","https://www.immonet.de/angebot/46353645","499.000 €","5","140 m²","124 m²","74078 Heilbronn
Auf Karte anzeigen","1896","Klasse F","Zentralheizung",""
"NEU Modernisiertes 3-Familienhaus in zentraler Lage! *PROV...","https://www.immonet.de/angebot/46348034","990.000 €","10","265 m²","158 m²","74076 Heilbronn
Auf Karte anzeigen","","","Zentralheizung","Gas"
"NEU *** Mehrfamilienhaus in bester Lage von Heilbronn-Cit...","https://www.immonet.de/angebot/46346977","2.800.000 €","24","558 m²","300 m²","74072 Heilbronn
Auf Karte anzeigen","1900","Klasse D","Zentralheizung","Öl"
"NEU Leerstehende Doppelhaushälfte mit Garten, Garage und...","https://www.immonet.de/angebot/46346963","540.000 €","7","125 m²","316 m²","74074 Heilbronn
Auf Karte anzeigen","1950","Klasse H","Zentralheizung","Gas"
"NEU !!Ein Stadthaus in begehrter Lage!! **Wohnen am Fuß...","https://www.immonet.de/angebot/46345982","594.999 €","5","125 m²","354 m²","74076 Heilbronn
Auf Karte anzeigen","1946","Klasse D","Zentralheizung","Öl"
"NEU ##NUR NOCH ZWEI ÖKOLOGISCHE FAMILIENSTADTHÄUSER MIT...","https://www.immonet.de/angebot/46345886","670.000 €","6","130 m²","200 m²","74078 Heilbronn
Auf Karte anzeigen","2023","","",""
"NEU RENDITE ODER GROßFAMILIENHAUS","https://www.immonet.de/angebot/46330381","360.000 €","8","160 m²","171 m²","74081 Heilbronn
Auf Karte anzeigen","","","",""
"Charmantes 1-2 Fam. Haus mit hohen Decken, nettem Gart...","https://www.immonet.de/angebot/46275136","427.000 €","7","128 m²","495 m²","Römerstrasse 94
74078 Heilbronn
Auf Karte anzeigen","1929","","","Strom"
"Bezauberndes Zuhause","https://www.immonet.de/angebot/46272404","545.000 €","4.5","115 m²","240 m²","74078 Heilbronn
Auf Karte anzeigen","1963","Klasse G","Zentralheizung","Gas"
"Zweifamilienhäuschen mit Schuppen","https://www.immonet.de/angebot/46151938","249.000 €","3","85 m²","177 m²","74081 Heilbronn
Auf Karte anzeigen","1949","Klasse H","Zentralheizung","Gas"
"* Kernsaniertes MFH * 10 Wohneinheiten...","https://www.immonet.de/angebot/45975812","1.650.000 €","25","670 m²","559 m²","74081 Heilbronn
Auf Karte anzeigen","","","Zentralheizung","Gas, Öl"
"Heilbronn/Solothurner Straße. Machen Sie Ihren Traum...","https://www.immonet.de/angebot/45881870","690.000 €","7","150 m²","325 m²","74074 Heilbronn
Auf Karte anzeigen","1960","Klasse H","Zentralheizung","Gas"
"Familienheim mit Potenzial","https://www.immonet.de/angebot/45869166","435.000 €","8","165 m²","321 m²","74078 Heilbronn
Auf Karte anzeigen","1902","Klasse H","Zentralheizung","Gas"
"Nehmen Sie Platz auf Ihrer Sonnenterrasse in Ihrem...","https://www.immonet.de/angebot/45800967","685.000 €","8","210 m²","656 m²","74078 Heilbronn
Auf Karte anzeigen","1986","","Zentralheizung","Öl"
"Schnuckelige DHH nahe Gesundbrunnen","https://www.immonet.de/angebot/45782918","420.000 €","5","81 m²","168 m²","74078 Heilbronn
Auf Karte anzeigen","1932","Klasse H","Zentralheizung","Gas"
"Leerstehendes Einfamilienhaus mit Garten, Terrasse,...","https://www.immonet.de/angebot/45702648","529.000 €","6","108 m²","406 m²","74074 Heilbronn
Auf Karte anzeigen","1951","Klasse H","Zentralheizung","Gas"
"Heilbronn-Ost - 3-Familienhaus in Pfühlpark-Nähe","https://www.immonet.de/angebot/45630767","1.850.000 €","12","320 m²","1,060 m²","74074 Heilbronn
Auf Karte anzeigen","1963","","Zentralheizung","Öl"
"Vita Futura - Doppelhaushälfte in Heilbronn-Kirchhause...","https://www.immonet.de/angebot/45619583","598.000 €","","124 m²","","74078 Heilbronn
Auf Karte anzeigen","2021","","",""
"Vita Futura - Doppelhaushälfte in Heilbronn-Kirchhause...","https://www.immonet.de/angebot/45619579","598.000 €","","124 m²","","74078 Heilbronn
Auf Karte anzeigen","2021","","",""
"60.000 Euro Mieteinnahme/Jahr! Kapitalanleger aufgepas...","https://www.immonet.de/angebot/45264895","1.400.000 €","14","427 m²","169 m²","74080 Heilbronn
Auf Karte anzeigen","1950","","Zentralheizung","Gas"
"Im Herzen von Heilbronn!","https://www.immonet.de/angebot/44686593","6.800.000 €","","1,366 m²","1,201 m²","74074 Heilbronn
Auf Karte anzeigen","1991","Klasse G","Zentralheizung","Gas"
"Wohn- und Geschäftshaus in der Heilbronn-Innenstadt zu...","https://www.immonet.de/angebot/42838672","749.000 €","5","98 m²","94 m²","Siebeneichgasse 5
74072 Heilbronn
Auf Karte anzeigen","1959","Klasse E","Zentralheizung","Gas"
"Haus mit großem Potential","https://www.immonet.de/angebot/45578066","750.000 €","8","159 m²","579 m²","74223 Flein
Auf Karte anzeigen","1961","Klasse G","Zentralheizung","Gas"
"NEU 3-Familienhaus/Mehrgenerationenhaus mit viel Potenzial...","https://www.immonet.de/angebot/46348204","689.000 €","13","265 m²","790 m²","74388 Talheim
Auf Karte anzeigen","","","Zentralheizung","Öl"
"Seltene Gelegenheit - Attraktives Einfamilienhaus in...","https://www.immonet.de/angebot/46224279","1.390.000 €","5","172 m²","1,224 m²","74388 Talheim
Auf Karte anzeigen","1977","Klasse B","Zentralheizung","Öl"
"renoviertes 3 - Familienhaus zu verkaufen","https://www.immonet.de/angebot/46099587","800.000 €","10","200 m²","230 m²","74348 Lauffen
Auf Karte anzeigen","1950","","","Gas"
"MEHRFAMILIEN HAUS BIETET MEHR MÖGLICHKEITEN mit ca....","https://www.immonet.de/angebot/44381500","720.000 €","10","330 m²","368 m²","74348 Lauffen
Auf Karte anzeigen","1927","","Zentralheizung","Gas"
"NEU Schönes 3-Familienwohnhaus + Büro mit großzügigem Gart...","https://www.immonet.de/angebot/46324842","1.280.000 €","10","380 m²","1,431 m²","74226 Nordheim
Auf Karte anzeigen","1992","Klasse D","Zentralheizung","Öl"
"Exclusiv - Modern - Einzigartig","https://www.immonet.de/angebot/45777685","890.000 €","5","152 m²","626 m²","74348 Lauffen
Auf Karte anzeigen","1974","Klasse D","Zentralheizung","Fernwärme, Gas"
"Zweifamilienhaus mit 152 m² Wohnfläche, Garagen sowie...","https://www.immonet.de/angebot/45720056","699.000 €","7","152 m²","800 m²","74360 Ilsfeld
Auf Karte anzeigen","1961","Klasse D","Ofenheizung","Strom"
"Charmantes Einfamilienhaus mit Einliegerbereich und...","https://www.immonet.de/angebot/45873377","729.000 €","6","112 m²","513 m²","74211 Leingarten
Auf Karte anzeigen","1986","","Zentralheizung","Gas"
"Aufhebung der Gem.: Zweifamilienhaus mit Garage in...","https://www.immonet.de/angebot/46183360","493.100 €","","325 m²","325 m²","74211 Leingarten
Auf Karte anzeigen","1935","","",""
"Stadtvilla idyllisch gelegen zwischen Stuttgart und...","https://www.immonet.de/angebot/46115948","1.399.000 €","5","160 m²","404 m²","74382 Neckarwestheim
Auf Karte anzeigen","2015","","","Luft-/Wasserwärme, Strom"
"NEU ** 2 - Fam.- Haus mit großen Garten und 3 Garagen Stel...","https://www.immonet.de/angebot/46332684","885.000 €","8","269 m²","1,100 m²","74211 Leingarten
Auf Karte anzeigen","1971","","Zentralheizung","Öl"
"Großzügige Doppelhaushälfte im Herzen von Kirchheim am...","https://www.immonet.de/angebot/44954447","450.000 €","7","168 m²","340 m²","74366 Kirchheim
Auf Karte anzeigen","1895","Klasse H","Ofenheizung","Holz, Kohle, Öl"
"NEU Geschmackvolles Einfamilienhaus mit toller Terrasse...","https://www.immonet.de/angebot/46356645","395.000 €","4","82 m²","80 m²","74382 Neckarwestheim
Auf Karte anzeigen","2006","Klasse G","Zentralheizung","Öl"
"Liebevoll saniertes Zweifamilienhaus mit Wintergarten...","https://www.immonet.de/angebot/46298912","670.000 €","7","198 m²","496 m²","74336 Brackenheim
Auf Karte anzeigen","1970","","Zentralheizung","Öl"
"STADTHAUS - Luxuriöses Neubau Einfamilienhaus mit 5,5-...","https://www.immonet.de/angebot/46307598","790.000 €","5.5","151 m²","117 m²","74366 Kirchheim
Auf Karte anzeigen","2021","Klasse A+","","Luft-/Wasserwärme"
"REH Acolon - mit einem Garten und Dachterrasse","https://www.immonet.de/angebot/45738022","679.900 €","4.5","133 m²","186 m²","Hauptstraße 8
74366 Kirchheim
Auf Karte anzeigen","","","",""
"RMH Pinot - Ihr Traum vom Eigenheim wird wahr!","https://www.immonet.de/angebot/45738024","609.900 €","4.5","115 m²","136 m²","Hauptstraße 8
74366 Kirchheim
Auf Karte anzeigen","","","",""
"RMH Pinot - Wunderschönes Haus in inkl. Stellplatz","https://www.immonet.de/angebot/45738027","599.900 €","4.5","115 m²","165 m²","Hauptstraße 8
74366 Kirchheim
Auf Karte anzeigen","","","",""
"REH Acolon mit einem großen Garten","https://www.immonet.de/angebot/45738030","699.900 €","4.5","133 m²","238 m²","Hauptstraße 8
74366 Kirchheim
Auf Karte anzeigen","","","",""
"RMH Pinot - Traumhaus in Kirchheim am Neckar","https://www.immonet.de/angebot/45738031","609.900 €","4.5","115 m²","137 m²","Hauptstraße 8
74366 Kirchheim
Auf Karte anzeigen","","","",""
"REH Acolon - mit einem Garten und Dachterrasse","https://www.immonet.de/angebot/45738032","689.900 €","4.5","133 m²","323 m²","Hauptstraße 8
74366 Kirchheim
Auf Karte anzeigen","","","",""
"RMH Pinot - Eigenheim mit Garten und Dachterrasse","https://www.immonet.de/angebot/45738023","599.900 €","4.5","115 m²","160 m²","Hauptstraße 8
74366 Kirchheim
Auf Karte anzeigen","","","",""
"*Neubau-Infos am Sonntag von 11:00 - 12:00 Uhr* REH...","https://www.immonet.de/angebot/45738028","679.900 €","4.5","133 m²","267 m²","Hauptstraße 8
74366 Kirchheim
Auf Karte anzeigen","","","",""
"Extravagantes 2-Familienhaus mit riesiger Wohnebene...","https://www.immonet.de/angebot/46256939","1.240.000 €","6","301 m²","868 m²","74199 Untergruppenbach
Auf Karte anzeigen","1982","","Zentralheizung","Öl"
"Hochwertiges Einfamilienhaus zentral gelegen in der...","https://www.immonet.de/angebot/46167618","1.380.000 €","7","146 m²","522 m²","74336 Brackenheim
Auf Karte anzeigen","2008","Klasse D","Zentralheizung","Gas, Solar"
"Herrliche Lage an den Weinbergen","https://www.immonet.de/angebot/45762997","830.000 €","7","230 m²","744 m²","74336 Brackenheim
Auf Karte anzeigen","1979","Klasse B","Zentralheizung","Öl"
"*Neubauinfo vor Ort* Sonntags 13-14 Uhr Ihr Traum wird...","https://www.immonet.de/angebot/45571187","764.900 €","6.5","148 m²","300 m²","Wagnerstraße 21
74357 Bönnigheim
Auf Karte anzeigen","","","",""
"*Neubauinfo* Sonntags 13-14 Uhr Traumhafte DHH Levan...","https://www.immonet.de/angebot/45571188","789.900 €","6.5","148 m²","355 m²","Wagnerstraße 21
74357 Bönnigheim
Auf Karte anzeigen","","","",""
"NEU *Neubauinfo vor Ort* Sonntags 13-14 Uhr Ihr Traum wird...","https://www.immonet.de/angebot/46346715","743.100 €","6.5","148 m²","300 m²","Wagnerstraße 21
74357 Bönnigheim
Auf Karte anzeigen","","","",""
"NEU Abrissgrundstück! - 6 Familienhaus mit Schuppen und...","https://www.immonet.de/angebot/46358815","1.600.000 €","","1,832 m²","1,832 m²","74357 Bönnigheim
Auf Karte anzeigen","","","",""
"Schlüsselfertig: Einfamilienhaus sofort kaufen und...","https://www.immonet.de/angebot/46204413","620.000 €","5","177 m²","250 m²","74357 Bönnigheim
Auf Karte anzeigen","2022","","",""
"Realisierbare Rendite von über 6%, san.bed. MFH mit...","https://www.immonet.de/angebot/44239853","530.000 €","16","235 m²","551 m²","74357 Bönnigheim
Auf Karte anzeigen","1900","Klasse H","","Öl"
"NEUBAU! Ruhig gelegenes Einfamilienhaus mit Garten in...","https://www.immonet.de/angebot/42473324","694.600 €","5","151 m²","250 m²","74357 Bönnigheim
Auf Karte anzeigen","2022","","",""
"NEU Altschulden kein Hindernis. Mietkauf möglich","https://www.immonet.de/angebot/46367656","488.000 €","4","112 m²","375 m²","74357 Bönnigheim
Auf Karte anzeigen","","","",""
"TOP - Doppelhaushälfte für eine Familie","https://www.immonet.de/angebot/45964163","849.000 €","7","190 m²","350 m²","74357 Bönnigheim
Auf Karte anzeigen","1995","","Zentralheizung",""
"WEITBLICK: Neuwertige Doppelhaushälfte mit traumhafter...","https://www.immonet.de/angebot/46224407","545.000 €","4.5","96 m²","66 m²","74357 Bönnigheim
Auf Karte anzeigen","2018","Klasse A","Zentralheizung","Gas"
"Nebenkosten adé in TOP-Lage! - FALC Immobilien Heilbr...","https://www.immonet.de/angebot/45954937","930.000 €","9","197 m²","669 m²","74199 Untergruppenbach
Auf Karte anzeigen","1970","Klasse B","","Strom"
"!Charmantes Familienheim mit sonnigem Garten und Neben...","https://www.immonet.de/angebot/46271064","590.000 €","10","140 m²","400 m²","74376 Gemmrigheim
Auf Karte anzeigen","1950","Klasse G","","Strom"
"Freundliches Zweifamilienhaus mit viel Platz, Garten...","https://www.immonet.de/angebot/45987187","689.000 €","6.5","165 m²","395 m²","74376 Gemmrigheim
Auf Karte anzeigen","1972","Klasse H","",""
"+++ Willkommen im eigenen Heim +++","https://www.immonet.de/angebot/45628526","395.000 €","5.5","106 m²","43 m²","74376 Gemmrigheim
Auf Karte anzeigen","1955","Klasse F","Ofenheizung","Öl"
"NEU Mietkaufwechsel Mietkauf statt Miete. Altschulden kein...","https://www.immonet.de/angebot/46367652","747.000 €","5","139 m²","650 m²","74357 Bönnigheim
Auf Karte anzeigen","","","",""
"Freistehendes Einfamilienhaus mit sehr großem Grundstü...","https://www.immonet.de/angebot/46274549","790.000 €","7","159 m²","1,202 m²","74193 Schwaigern
Auf Karte anzeigen","1964","Klasse G","Zentralheizung","Gas"
"Raus aus der Stadt - endlich kinderfreundlich wohnen!","https://www.immonet.de/angebot/46242199","948.000 €","8","205 m²","792 m²","74193 Schwaigern
Auf Karte anzeigen","1971","Klasse F","","Öl"
"NEU Gemütliche Doppelhaushälfte in Feldrandlage","https://www.immonet.de/angebot/46348541","490.000 €","5","123 m²","265 m²","74232 Abstatt
Auf Karte anzeigen","1972","Klasse F","Zentralheizung","Öl"
"Gepflegtes Dreifamilienhaus in Weinsberg","https://www.immonet.de/angebot/46069039","810.000 €","10","270 m²","596 m²","74189 Weinsberg
Auf Karte anzeigen","1952","","Zentralheizung",""
"Exklusives Anwesen in Weinsberg ""Uniform ist...","https://www.immonet.de/angebot/45405667","1.090.000 €","8","240 m²","129 m²","Unteres Tor 2
74189 Weinsberg
Auf Karte anzeigen","2016","Klasse B","Zentralheizung","Gas"
"Mehrfamilienhaus mit 3 Wohneinheiten in exzellenter...","https://www.immonet.de/angebot/46217297","550.000 €","7","115 m²","368 m²","74172 Neckarsulm
Auf Karte anzeigen","1960","","Zentralheizung","Gas"
"Älteres Einfamilienhaus in Abstatt","https://www.immonet.de/angebot/46164340","364.000 €","","139 m²","371 m²","74232 Abstatt
Auf Karte anzeigen","1895","","",""
"Kapitalanlage mit 9 Wohneinheiten in Bestlage","https://www.immonet.de/angebot/45890755","2.980.000 €","25","672 m²","1,356 m²","74189 Weinsberg
Auf Karte anzeigen","1990","Klasse A+","","Luft-/Wasserwärme"
"Gepflegtes Einfamilienhaus mit kleiner Einliegerwohnun...","https://www.immonet.de/angebot/46138726","890.000 €","7.5","210 m²","594 m²","74235 Erlenbach
Auf Karte anzeigen","1980","Klasse D","Zentralheizung","Öl"
"Großzügiges Mehrfamilienhaus mit Garten, Wintergärten,...","https://www.immonet.de/angebot/46271140","1.390.000 €","11","410 m²","1,500 m²","74360 Ilsfeld
Auf Karte anzeigen","1975","Klasse G","Zentralheizung","Öl"
"Stilvolles Zuhause für Ihre Familie","https://www.immonet.de/angebot/46052454","745.000 €","11","244 m²","463 m²","74172 Neckarsulm
Auf Karte anzeigen","1928","Klasse C","Zentralheizung","Gas"
"Attraktive Kapitalanlage","https://www.immonet.de/angebot/46052448","745.000 €","11","244 m²","463 m²","74172 Neckarsulm
Auf Karte anzeigen","1928","Klasse C","Zentralheizung","Gas"
"Sonderaktion Herbst-Special, inklusive Kaminofen oder...","https://www.immonet.de/angebot/45769421","390.127 €","5","142 m²","400 m²","74363 Güglingen
Auf Karte anzeigen","","","","Gas"
"NEU Der Traum vom Eigenheim! Charmantes Häuschen mit viel...","https://www.immonet.de/angebot/46328934","299.000 €","4","140 m²","96 m²","74363 Güglingen
Auf Karte anzeigen","1878","Klasse G","Zentralheizung","Gas"
"Aufhebung der Gem.:Einfamilienhaus mit ELW und Garage","https://www.immonet.de/angebot/46126232","437.100 €","","181 m²","566 m²","74363 Güglingen
Auf Karte anzeigen","1978","","Zentralheizung","Öl"
"Einfamilienhaus mit Einliegerwohnung in 74363 Güglinge...","https://www.immonet.de/angebot/46083067","437.100 €","","181 m²","566 m²","74363 Güglingen
Auf Karte anzeigen","1978","","",""
"Aufhebung der Gem.: TOP-Immobilie-Einfamilienhaus mit...","https://www.immonet.de/angebot/46136485","665.000 €","","509 m²","509 m²","74251 Lehrensteinsfeld
Auf Karte anzeigen","2011","","",""
"Einfamilienhaus in 74251 Lehrensteinsfeld, Schwalbenwe...","https://www.immonet.de/angebot/46083065","665.000 €","","509 m²","509 m²","74251 Lehrensteinsfeld
Auf Karte anzeigen","2011","","",""
"Naherholungsgebiet - Reiheneckhaus mit 3 Garagen, Balk...","https://www.immonet.de/angebot/46147839","479.000 €","5","131 m²","259 m²","74251 Lehrensteinsfeld
Auf Karte anzeigen","1976","Klasse F","Zentralheizung","Flüssiggas, Öl"
"Aufhebung der Gem.:Einfamilienwohnhaus mit Nebengebäud...","https://www.immonet.de/angebot/46126187","698.000 €","","220 m²","3,293 m²","74257 Untereisesheim
Auf Karte anzeigen","1901","","Zentralheizung","Gas"
"Einfamilienhaus in 74257 Untereisesheim, Hauptstr.","https://www.immonet.de/angebot/46083053","698.000 €","7","133 m²","3,293 m²","74257 Untereisesheim
Auf Karte anzeigen","1901","","",""
"Zuhause ankommen! Mehrfamilienhaus in toller Lage -...","https://www.immonet.de/angebot/45913546","890.000 €","10","256 m²","693 m²","74257 Untereisesheim
Auf Karte anzeigen","1970","Klasse D","Zentralheizung","Öl"
"Einfamilienhaus in 74257 Untereisesheim","https://www.immonet.de/angebot/46079260","698.000 €","","133 m²","","74257 Untereisesheim
Auf Karte anzeigen","","","",""
"Einfamilienhaus in 74251 Lehrensteinsfeld","https://www.immonet.de/angebot/46079264","332.500 €","","","","74251 Lehrensteinsfeld
Auf Karte anzeigen","","","",""
"Bezugsfertiges Familienhaus zum glücklich werden! (ink...","https://www.immonet.de/angebot/46038307","1.139.200 €","5","163 m²","660 m²","74389 Cleebronn
Auf Karte anzeigen","2022","Klasse A+","Zentralheizung",""
"Mondände Stadtvilla - massiv und bezugsfertig! (inkl....","https://www.immonet.de/angebot/46038308","1.093.200 €","4","127 m²","660 m²","74389 Cleebronn
Auf Karte anzeigen","2022","Klasse A+","Zentralheizung",""
"Zwei-Dreifamilienhaus sucht dringend neue Besitzer in...","https://www.immonet.de/angebot/46304286","770.000 €","9","200 m²","313 m²","74354 Besigheim
Auf Karte anzeigen","1956","Klasse C","Zentralheizung","Öl"
"Wundervoll gelegenes Zweifamilienhaus in sonniger Hang...","https://www.immonet.de/angebot/45873887","859.000 €","8","264 m²","860 m²","74199 Untergruppenbach
Auf Karte anzeigen","1970","Klasse E","Zentralheizung","Pellets, Öl"
"Kapitalanleger Traum! 4,5 % Rendite, über 107.000 €...","https://www.immonet.de/angebot/46148291","2.599.000 €","27","713 m²","1,056 m²","74395 Mundelsheim
Auf Karte anzeigen","1956","Klasse B","Zentralheizung","Flüssiggas, Gas"
"NEU VBU Immobilien - Zentrumsnah und ruhig wohnen","https://www.immonet.de/angebot/46368896","350.000 €","4.5","85 m²","221 m²","74363 Güglingen
Auf Karte anzeigen","1990","Klasse H","Zentralheizung","Öl"
"NEU #willkommendaheim | Zwei Häuser ein Preis!","https://www.immonet.de/angebot/46334824","1.290.000 €","9","327 m²","473 m²","74389 Cleebronn
Auf Karte anzeigen","1992","Klasse E","Etagenheizung","Flüssiggas"
"Gut investiert für Sie und Ihre Familie!","https://www.immonet.de/angebot/45899820","389.000 €","8","145 m²","251 m²","74363 Güglingen
Auf Karte anzeigen","1850","Klasse H","Etagenheizung","Öl"
"F A M I L I E N I N S E L","https://www.immonet.de/angebot/45878161","890.000 €","6","218 m²","1,200 m²","74193 Schwaigern
Auf Karte anzeigen","1993","Klasse F","Zentralheizung","Öl"
"Einfamilienhaus in 74363 Güglingen","https://www.immonet.de/angebot/46079258","437.100 €","","181 m²","","74363 Güglingen
Auf Karte anzeigen","","","",""
"Reihenmittelhaus mit Garten","https://www.immonet.de/angebot/45781810","399.000 €","4","79 m²","132 m²","74172 Neckarsulm
Auf Karte anzeigen","1956","Klasse F","","Gas"
"Schönes Anwesen mit großen Räumen und umlaufendem Gart...","https://www.immonet.de/angebot/45663957","1.300.000 €","12.5","357 m²","1,148 m²","74177 Bad Friedrichshall
Auf Karte anzeigen","1983","","","Öl"
"Sonderaktion Herbst-Special, inklusive Kaminofen oder...","https://www.immonet.de/angebot/45735095","850.000 €","8","262 m²","400 m²","71717 Beilstein
Auf Karte anzeigen","","","","Gas"
"Einfamilienhaus Life 12 V1 - klare Raumaufteilung","https://www.immonet.de/angebot/45767314","420.000 €","5","172 m²","400 m²","71717 Beilstein
Auf Karte anzeigen","","","","Gas"
"VBU Immobilien - Viel Raum für Ihre Wohnideen","https://www.immonet.de/angebot/45101381","298.000 €","4.5","125 m²","227 m²","74193 Schwaigern
Auf Karte anzeigen","1900","Klasse H","","Öl"
"Hochwertige Doppelhaushälfte mit Einliegerwohnung zu...","https://www.immonet.de/angebot/45985936","849.000 €","6","177 m²","278 m²","74177 Bad Friedrichshall
Auf Karte anzeigen","2012","Klasse B","","Gas"
"Luxuriöses Architekten-EFH mit kl. ELW und Stadtvilla-...","https://www.immonet.de/angebot/46317673","1.325.000 €","5","171 m²","519 m²","71717 Beilstein
Auf Karte anzeigen","2017","Klasse A+","","Luft-/Wasserwärme"
"NEU Jetzt zugreifen: Limitiertes Angebot bis 15.01.2022:...","https://www.immonet.de/angebot/46333322","663.275 €","","204 m²","204 m²","71717 Beilstein
Auf Karte anzeigen","2022","","Zentralheizung",""
"NEU Clever sein und Zuschuss sichern: Doppelhaushälfte in...","https://www.immonet.de/angebot/46333325","663.275 €","","204 m²","204 m²","71717 Beilstein
Auf Karte anzeigen","2022","","Zentralheizung",""
"Unvergleichlich!","https://www.immonet.de/angebot/46035764","920.000 €","6.5","179 m²","538 m²","74193 Schwaigern
Auf Karte anzeigen","2007","","","Erdwärme"
"Sofort bezugsbereit - gut ausgestattete Doppelhaushälf...","https://www.immonet.de/angebot/46258525","795.000 €","7","190 m²","510 m²","71717 Beilstein
Auf Karte anzeigen","1974","Klasse H","Zentralheizung","Öl"
"NEU Denkmalgeschütztes Mehrfamilienhaus mit 4 Wohneinheite...","https://www.immonet.de/angebot/46368586","660.000 €","9","261 m²","124 m²","74206 Bad Wimpfen
Auf Karte anzeigen","1700","","Zentralheizung","Gas"
"Aus zwei wird drei - für Ihren Wohnkomfort! FALC Immob...","https://www.immonet.de/angebot/46084334","780.000 €","6","198 m²","284 m²","74177 Bad Friedrichshall
Auf Karte anzeigen","1777","","Etagenheizung","Gas"
"NEU Mietkaufimmobilie KFW 40 Bauweise","https://www.immonet.de/angebot/46354236","794.000 €","5","164 m²","504 m²","74177 Bad Friedrichshall
Auf Karte anzeigen","","","",""
"NEU Altschulden kein Hindernis. Mietkauf möglich","https://www.immonet.de/angebot/46354233","583.000 €","4","112 m²","267 m²","74177 Bad Friedrichshall
Auf Karte anzeigen","","","",""
"DENKMAL-Immobilie: Hier lohnt sich eine steuerbegünsti...","https://www.immonet.de/angebot/41012698","","15","332 m²","370 m²","75031 Eppingen
Auf Karte anzeigen","1502","","",""
"VBU Immobilien - Vollenden Sie sich Ihren Wohntraum","https://www.immonet.de/angebot/45919596","680.000 €","","196 m²","1,343 m²","75050 Gemmingen
Auf Karte anzeigen","1968","Klasse G","","Öl"
"Willsbach - Erbengemeinschaft verkauft 2 Familienhaus...","https://www.immonet.de/angebot/45028528","719.000 €","9","190 m²","1,131 m²","74182 Obersulm
Auf Karte anzeigen","1953","","Zentralheizung",""
"Gutes Einfamilienhaus in Oberstenfeld","https://www.immonet.de/angebot/46164168","547.600 €","","168 m²","503 m²","71720 Oberstenfeld
Auf Karte anzeigen","1983","","Zentralheizung","Solar"
"Gehobenes Reihenendhaus mit Garten, Terrasse, Winterga...","https://www.immonet.de/angebot/46267196","690.000 €","6","200 m²","245 m²","74172 Neckarsulm
Auf Karte anzeigen","1980","Klasse E","Zentralheizung","Öl"
"Traumhaus mit vielen Details","https://www.immonet.de/angebot/46236553","679.000 €","4.5","135 m²","273 m²","74906 Bad Rappenau
Auf Karte anzeigen","2010","Klasse A+","","Luft-/Wasserwärme, Strom"
"Wohntraum der Extraklasse in einem Ein- bis Zweifamili...","https://www.immonet.de/angebot/45318737","1.250.000 €","8","416 m²","837 m²","74397 Pfaffenhofen
Auf Karte anzeigen","1976","Klasse E","Zentralheizung","Öl, Solar"
"Großzügiges, gepflegtes Reihenendhaus mit umliegendem,...","https://www.immonet.de/angebot/45985872","649.000 €","6.5","123 m²","368 m²","74229 Oedheim
Auf Karte anzeigen","1990","Klasse D","Zentralheizung","Gas"
"Mehrfamilienhaus in 74912 Kirchardt","https://www.immonet.de/angebot/46223647","492.000 €","","180 m²","","74912 Kirchardt
Auf Karte anzeigen","","","",""
"Traumhaftes Einfamilienhaus am Rande des Weinbergs in...","https://www.immonet.de/angebot/46146659","849.000 €","6","167 m²","520 m²","74245 Löwenstein
Auf Karte anzeigen","2006","Klasse D","","Pellets"
"Kleines Paradies direkt am Naturschutzgebiet","https://www.immonet.de/angebot/45855119","1.600.000 €","6","250 m²","624 m²","74385 Pleidelsheim
Auf Karte anzeigen","1998","","Zentralheizung","Gas"
"Secret Sale.....1 Fam. Haus mit ELW in Bad Rappenau -...","https://www.immonet.de/angebot/46179590","1.450.000 €","8","450 m²","930 m²","74906 Bad Rappenau
Auf Karte anzeigen","1992","","","Öl"
"ReWoGi ® aktuell - Obersulm - Charmantes Altbau Juwel...","https://www.immonet.de/angebot/45905487","679.000 €","5","110 m²","1,409 m²","74182 Obersulm
Auf Karte anzeigen","1932","","",""
"Stadthaus in Grenzbauweise","https://www.immonet.de/angebot/45826660","275.000 €","5","135 m²","90 m²","74229 Oedheim
Auf Karte anzeigen","1916","Klasse G","Zentralheizung","Öl"
"XXL-Anwesen, MFH, drei Wohnungen, Dachausbau, ca. 1000...","https://www.immonet.de/angebot/44254913","1.890.000 €","11","230 m²","1,000 m²","74321 Bietigheim-Bissingen
Auf Karte anzeigen","1910","","Zentralheizung","Gas"
"NEU Provisionsfrei! Einfamilienhaus in guter ruhiger Lage...","https://www.immonet.de/angebot/46332971","535.000 €","4","134 m²","518 m²","Silbergrubenstraße 26
74182 Obersulm
Auf Karte anzeigen","1936","Klasse G","Zentralheizung","Gas"
"Zugreifen bevor es zu spät ist!!!","https://www.immonet.de/angebot/46210476","590.000 €","5","115 m²","540 m²","74906 Bad Rappenau
Auf Karte anzeigen","1940","Klasse C","Zentralheizung",""
"Mehrgenerationen - 3 Wohnungen ein Haus","https://www.immonet.de/angebot/45879923","780.000 €","11","215 m²","293 m²","74385 Pleidelsheim
Auf Karte anzeigen","1987","Klasse F","Zentralheizung","Gas"
"NEU Die perfekte Lage für die gesamte Familie","https://www.immonet.de/angebot/46358001","499.000 €","5.5","111 m²","133 m²","74321 Bietigheim-Bissingen
Auf Karte anzeigen","1955","Klasse H","","Gas"
"***Familienglück mit Traumaussicht***","https://www.immonet.de/angebot/46071831","520.000 €","10","206 m²","683 m²","74906 Bad Rappenau
Auf Karte anzeigen","1973","Klasse F","Zentralheizung","Öl"
"Sonderaktion Herbst-Special, inklusive Kaminofen oder...","https://www.immonet.de/angebot/45617083","420.000 €","5","142 m²","600 m²","74397 Pfaffenhofen
Auf Karte anzeigen","","","","Gas"
"Einfamilienhaus Life 9 V1 - quadratisch, praktisch,...","https://www.immonet.de/angebot/45767267","415.000 €","6","164 m²","500 m²","74397 Pfaffenhofen
Auf Karte anzeigen","","","","Gas"
"Einfamilienhaus Life 12 V1 - klare Raumaufteilung","https://www.immonet.de/angebot/45769291","420.000 €","5","172 m²","400 m²","74397 Pfaffenhofen
Auf Karte anzeigen","","","","Gas"
"Saniertes Wohn- und Geschäftshaus in 1A-Innenstadt-Lag...","https://www.immonet.de/angebot/45664146","1.325.000 €","12","190 m²","134 m²","74321 Bietigheim-Bissingen
Auf Karte anzeigen","1899","Klasse F","","Gas"
"NEU Zwangsversteigerung Haus, Berwanger Straße in Kirchard...","https://www.immonet.de/angebot/46362662","492.000 €","6","180 m²","2,029 m²","74912 Kirchardt
Auf Karte anzeigen","","","",""
"Aufhebung der Gem.: Wohn- und Geschäftshaus in Kirchar...","https://www.immonet.de/angebot/46229278","413.280 €","","180 m²","1,959 m²","74912 Kirchardt
Auf Karte anzeigen","1956","","",""
"+Top saniertes Einfamilienhaus in Bietigheim+ Mit ...","https://www.immonet.de/angebot/46229720","490.000 €","4.5","103 m²","97 m²","74321 Bietigheim-Bissingen
Auf Karte anzeigen","1921","","Zentralheizung","Gas"
"Wohnen wo andere Urlaub machen! Haus mit Einliegerwohn...","https://www.immonet.de/angebot/45988272","862.000 €","8.5","247 m²","530 m²","74245 Löwenstein
Auf Karte anzeigen","2018","Klasse A+","","Luft-/Wasserwärme, Strom"
"WEITBLICK: Endlich haben wir Platz!","https://www.immonet.de/angebot/46101317","725.000 €","6.5","198 m²","341 m²","74385 Pleidelsheim
Auf Karte anzeigen","1990","Klasse D","Zentralheizung","Gas"
"Einfamilienhaus in 71720 Oberstenfeld","https://www.immonet.de/angebot/45811468","547.600 €","","168 m²","","71720 Oberstenfeld
Auf Karte anzeigen","","","",""
"NEU Freistehendes Haus und Scheuer auf großem Grundstück.","https://www.immonet.de/angebot/46334382","420.000 €","7","150 m²","531 m²","71711 Steinheim
Auf Karte anzeigen","1910","","","Öl"
"1-Familienhaus mit Gartengrundstück in Sachsenheim","https://www.immonet.de/angebot/46276337","595.000 €","5","130 m²","1,050 m²","74343 Sachsenheim
Auf Karte anzeigen","1951","","Zentralheizung","Öl"
"Die Alternative zum Haus - Extravagant Wohnen mit...","https://www.immonet.de/angebot/45464461","599.000 €","","184 m²","","74343 Sachsenheim
Auf Karte anzeigen","1971","Klasse D","Zentralheizung","Öl"
"Traumhaus mit Dachterrasse und Garten","https://www.immonet.de/angebot/45927262","674.500 €","4.5","131 m²","269 m²","Im Tal 2
74343 Sachsenheim
Auf Karte anzeigen","2021","","",""
"Provisionsfrei - Leben Sie Ihren persönlichen Traum -...","https://www.immonet.de/angebot/46284469","720.000 €","4","116 m²","498 m²","Leipziger Straße 1
74912 Kirchardt
Auf Karte anzeigen","1992","Klasse F","","Öl"
"NEU Modern & lichtdurchflutet wohnen in Neuenstadt am...","https://www.immonet.de/angebot/46365679","639.900 €","5.5","136 m²","177 m²","74196 Neuenstadt
Auf Karte anzeigen","2022","","","Gas"
"NEU Beste Qualität mit viel Liebe zum Detail! Neues REH...","https://www.immonet.de/angebot/46365682","689.900 €","5.5","136 m²","339 m²","74196 Neuenstadt
Auf Karte anzeigen","2022","","","Gas"
"Kapitalanleger aufgepasst!!","https://www.immonet.de/angebot/45908176","1.480.000 €","14","356 m²","619 m²","74321 Bietigheim-Bissingen
Auf Karte anzeigen","1964","Klasse F","Zentralheizung","Gas"
"Einfamilienhaus Life 9 V1 - quadratisch, praktisch,...","https://www.immonet.de/angebot/45651314","368.000 €","6","164 m²","500 m²","74906 Bad Rappenau
Auf Karte anzeigen","","","","Gas"
"Sonderaktion Herbst-Special, inklusive Kaminofen oder...","https://www.immonet.de/angebot/45769362","415.000 €","5","142 m²","480 m²","74906 Bad Rappenau
Auf Karte anzeigen","","","","Gas"
"Attraktives Reihenmittelhaus mit viel Platz - provisio...","https://www.immonet.de/angebot/46240680","729.000 €","5","148 m²","141 m²","71726 Benningen
Auf Karte anzeigen","2011","","Zentralheizung","Gas"
"Zentrumsnah und grün: Neuwertiges Reihenmittelhaus mit...","https://www.immonet.de/angebot/46304390","649.500 €","5.5","127 m²","154 m²","71726 Benningen
Auf Karte anzeigen","2011","","Zentralheizung","Gas"
"Freist. 2 Familienhaus in bester, sonniger Aussichtsla...","https://www.immonet.de/angebot/45638887","598.000 €","9","250 m²","630 m²","74196 Neuenstadt
Auf Karte anzeigen","1965","Klasse E","","Gas"
"""Rarität"" Zweifamilienhaus in herrlicher Ortsrandlage","https://www.immonet.de/angebot/45920699","1.100.000 €","6","184 m²","1,035 m²","74196 Neuenstadt
Auf Karte anzeigen","1992","Klasse C","","Öl"
"VBU Immobilien - Schöner Wohnen geht so!","https://www.immonet.de/angebot/45561892","1.950.000 €","8.5","435 m²","1,470 m²","75031 Eppingen
Auf Karte anzeigen","1996","Klasse B","","Gas"
"Zuhause in einmaliger Randlage","https://www.immonet.de/angebot/46313513","575.000 €","7","157 m²","675 m²","74930 Ittlingen
Auf Karte anzeigen","1966","Klasse H","","Öl"
"Wohnglück in Bissingen","https://www.immonet.de/angebot/46160296","826.900 €","5.5","126 m²","173 m²","74321 Bietigheim-Bissingen
Auf Karte anzeigen","2022","Klasse A+","","Luft-/Wasserwärme, Strom"
"Perfekte Lage mit herrlichem Garten","https://www.immonet.de/angebot/45908178","895.000 €","10","204 m²","440 m²","71691 Freiberg
Auf Karte anzeigen","1970","Klasse G","Zentralheizung","Öl"
"NEU Freistehendes Zweifamilienhaus mit großzügigem Garten...","https://www.immonet.de/angebot/46358809","1.100.000 €","8","264 m²","535 m²","71691 Freiberg
Auf Karte anzeigen","1977","Klasse E","Zentralheizung","Öl"
"Doppelhäuser in BEST-LAGE","https://www.immonet.de/angebot/46298009","569.900 €","6.5","178 m²","215 m²","Höhenweg
74906 Bad Rappenau
Auf Karte anzeigen","2022","Klasse A+","","Luft-/Wasserwärme"
"Goldstück für Pferdefreunde","https://www.immonet.de/angebot/46143446","996.000 €","5","170 m²","1,962 m²","75031 Eppingen
Auf Karte anzeigen","1851","","",""
"!!! Wohn und Geschäftshaus mit großem Potential !!!","https://www.immonet.de/angebot/45986104","600.000 €","10","238 m²","450 m²","74930 Ittlingen
Auf Karte anzeigen","1971","Klasse E","Zentralheizung","Öl"
"Aufhebung der Gemeinschaft: Sehr gutes Zweifamilienhau...","https://www.immonet.de/angebot/46164024","629.000 €","","217 m²","650 m²","71665 Vaihingen
Auf Karte anzeigen","1970","","Zentralheizung",""
"Zweifamilienhaus in 71665 Vaihingen, Akazienweg","https://www.immonet.de/angebot/45951969","629.000 €","","217 m²","650 m²","71665 Vaihingen
Auf Karte anzeigen","1970","","",""
"NEU 2-Familienhaus mit Doppelgarage","https://www.immonet.de/angebot/46360921","629.000 €","8","217 m²","650 m²","71665 Vaihingen
Auf Karte anzeigen","","","",""
"Gundelsheim - denkmalgeschütztes Haus","https://www.immonet.de/angebot/46016559","420.000 €","8","158 m²","278 m²","Schlossbergstr. 60
74831 Gundelsheim
Auf Karte anzeigen","","","","Holz, Strom"
"AN DER OCHSENBURG","https://www.immonet.de/angebot/45972354","599.000 €","8","240 m²","538 m²","74374 Zaberfeld
Auf Karte anzeigen","","","Zentralheizung","Öl"
"##ERWEITERBARES EINFAMILIENHAUS-NATURNAH-GEMÜTLICH-LÄN...","https://www.immonet.de/angebot/46130202","750.000 €","5","130 m²","260 m²","71706 Markgröningen
Auf Karte anzeigen","2022","","",""
"Zweifamilienhaus in ruhiger Ortsrandlage von Bretzfeld","https://www.immonet.de/angebot/46170586","619.000 €","7.5","180 m²","520 m²","74626 Bretzfeld
Auf Karte anzeigen","1962","","","Öl"
"Zweifamilienhaus in ruhiger Ortsrandlage von Bretzfeld","https://www.immonet.de/angebot/46170574","619.000 €","7.5","180 m²","520 m²","74626 Bretzfeld
Auf Karte anzeigen","1962","","","Öl"
"Vielseitiges Mehrfamilienhaus in TOP Zustand","https://www.immonet.de/angebot/46067219","765.000 €","7","250 m²","546 m²","74243 Langenbrettach
Auf Karte anzeigen","2006","Klasse D","Zentralheizung","Öl"
"NEU Viel Platz, viele Möglichkeiten, Top-Lage, Top-Zustand...","https://www.immonet.de/angebot/46326660","748.000 €","10","320 m²","1,088 m²","Ernst-Neubauer-Straße 12
74374 Zaberfeld
Auf Karte anzeigen","1972","Klasse E","Zentralheizung","Öl"
"Aufhebung der Gemeinschaft:-Freistehendes Zweifamilien...","https://www.immonet.de/angebot/46164187","445.000 €","","116 m²","479 m²","71729 Erdmannhausen
Auf Karte anzeigen","1955","","","Strom"
"WEITBLICK: Einziehen und wohlfühlen!","https://www.immonet.de/angebot/46212054","565.000 €","5","122 m²","200 m²","71732 Tamm
Auf Karte anzeigen","1973","Klasse E","","Strom"
"NEU Mietkauf optional. Ohne Eigenkapital und Altschulden","https://www.immonet.de/angebot/46364444","475.000 €","5","140 m²","400 m²","74831 Gundelsheim
Auf Karte anzeigen","","","",""
"NEU Abrisshaus mit großem Grundstück in Herbolzheim","https://www.immonet.de/angebot/46333600","158.000 €","7.5","100 m²","607 m²","Neudenauer Straße 36
74861 Neudenau
Auf Karte anzeigen","1937","","",""
"familienfreundliches 3 Familienhaus","https://www.immonet.de/angebot/46098107","1.200.000 €","11","304 m²","469 m²","Amselweg
71732 Tamm
Auf Karte anzeigen","1971","Klasse D","Zentralheizung","Öl"
"AUSBAUHAUS MIT KELLER - Offenes und lichterfülltes...","https://www.immonet.de/angebot/46068993","499.000 €","5","165 m²","700 m²","74889 Sinsheim
Auf Karte anzeigen","2023","","",""
"MIT KELLER - Endlich in die eigenen vier Wände - Schön...","https://www.immonet.de/angebot/46068994","519.000 €","4","124 m²","700 m²","74889 Sinsheim
Auf Karte anzeigen","2023","","",""
"Schönes Einfamilienhaus - Außen kompakt und innen groß...","https://www.immonet.de/angebot/46295939","419.000 €","","147 m²","","74855 Haßmersheim
Auf Karte anzeigen","2023","","",""
"AUSBAUHAUS - Wohnen im Grünen mit großzügiger Wohnfläc...","https://www.immonet.de/angebot/46295942","379.000 €","4","136 m²","560 m²","74855 Haßmersheim
Auf Karte anzeigen","2023","","",""
"Haus zum Verlieben","https://www.immonet.de/angebot/46183205","799.000 €","7","206 m²","924 m²","71543 Wüstenrot
Auf Karte anzeigen","1966","","Zentralheizung","Öl"
"Sonderaktion Herbst-Special, inklusive Kaminofen oder...","https://www.immonet.de/angebot/45772881","415.000 €","5","142 m²","600 m²","71579 Spiegelberg
Auf Karte anzeigen","","","","Gas"
"Dreifamilienhaus mit Blick ins Grüne","https://www.immonet.de/angebot/45634863","1.190.000 €","11","300 m²","744 m²","71642 Ludwigsburg
Auf Karte anzeigen","1963","Klasse E","Zentralheizung","Gas"
"Gepflegtes Einfamilienhaus mit vielen Möglichkeiten -...","https://www.immonet.de/angebot/46086883","","5.5","150 m²","709 m²","74855 Haßmersheim
Auf Karte anzeigen","1979","Klasse C","Zentralheizung","Öl"
"Doppelhaushälfte mit großem Gartengrundstück in gefrag...","https://www.immonet.de/angebot/45845408","650.000 €","4","114 m²","849 m²","71642 Ludwigsburg
Auf Karte anzeigen","1900","Klasse G","Zentralheizung","Gas"
"Wohn- und Geschäftshaus sowie 2 Familienhaus in bevorz...","https://www.immonet.de/angebot/45343627","","28","643 m²","1,863 m²","71642 Ludwigsburg
Auf Karte anzeigen","1973","Klasse G","Zentralheizung","Gas, Öl"
"Wohn- und Geschäftshaus sowie 2 Familienhaus in bevorz...","https://www.immonet.de/angebot/45467605","","28","643 m²","1,863 m²","71642 Ludwigsburg
Auf Karte anzeigen","1926","Klasse G","Zentralheizung","Gas, Öl"
"2-3 Familienhaus in Randlage von Bretzfeld - Bitzfeld","https://www.immonet.de/angebot/46315281","665.000 €","8","240 m²","747 m²","","","","",""